[2026-10-03 12:23:18] [INFO] Config loaded:
[2026-10-03 12:23:18] [INFO]   actor_lr=1e-06
[2026-10-03 12:23:18] [INFO]   kl_coef=0.1
[2026-10-03 12:23:18] [INFO]   total_steps=200
[2026-10-03 12:23:18] [INFO] Initializing RLHF trainer...
[2026-10-03 12:23:29] [INFO] Starting PPO RLHF training...
[2026-10-03 12:23:29] [INFO] Monitor training with: tensorboard --logdir ./logs
[2026-10-03 12:23:32] [INFO] Epoch 1: mean total loss=0.3841486871242523 | mean actor loss=7.874518632888794e-05 | mean critic loss=3.8406991958618164 | mean entropy loss=-3.8565802574157715
[2026-10-03 12:23:32] [INFO] Epoch 2: mean total loss=0.33142099529504776 | mean actor loss=-0.004525171592831612 | mean critic loss=3.359461545944214 | mean entropy loss=-3.856584668159485
[2026-10-03 12:23:32] [INFO] Epoch 3: mean total loss=0.29217757781346637 | mean actor loss=-0.008705562601486841 | mean critic loss=3.0088313023249307 | mean entropy loss=-3.856515407562256
[2026-10-03 12:23:33] [INFO] Epoch 4: mean total loss=0.25943582132458687 | mean actor loss=-0.012525676749646664 | mean critic loss=2.7196148931980133 | mean entropy loss=-3.8565191328525543
[2026-10-03 12:23:34] [INFO] Epoch 1: mean total loss=0.2625471279025078 | mean actor loss=-0.00045038852840662 | mean critic loss=2.629975199699402 | mean entropy loss=-3.8138644695281982
[2026-10-03 12:23:34] [INFO] Epoch 2: mean total loss=0.24294258654117584 | mean actor loss=-0.0017842346569523215 | mean critic loss=2.44726824760437 | mean entropy loss=-3.814832329750061
[2026-10-03 12:23:35] [INFO] Epoch 3: mean total loss=0.22527084996302923 | mean actor loss=-0.0038804325740784407 | mean critic loss=2.2915128668149314 | mean entropy loss=-3.816910743713379
[2026-10-03 12:23:35] [INFO] Epoch 4: mean total loss=0.20678238570690155 | mean actor loss=-0.006887761934194714 | mean critic loss=2.1367014944553375 | mean entropy loss=-3.8196151852607727
[2026-10-03 12:23:36] [INFO] Epoch 1: mean total loss=0.21057459712028503 | mean actor loss=0.004628568887710571 | mean critic loss=2.0594603419303894 | mean entropy loss=-3.7961853742599487
[2026-10-03 12:23:37] [INFO] Epoch 2: mean total loss=0.19136611372232437 | mean actor loss=0.0017232797108590603 | mean critic loss=1.8964283466339111 | mean entropy loss=-3.792762041091919
[2026-10-03 12:23:37] [INFO] Epoch 3: mean total loss=0.17148574690024057 | mean actor loss=-0.002493885966638724 | mean critic loss=1.7397963205973308 | mean entropy loss=-3.7985496520996094
[2026-10-03 12:23:37] [INFO] Epoch 4: mean total loss=0.15272055007517338 | mean actor loss=-0.007386338198557496 | mean critic loss=1.6010688543319702 | mean entropy loss=-3.800264537334442
[2026-10-03 12:23:39] [INFO] Epoch 1: mean total loss=0.1105252169072628 | mean actor loss=-0.0051116738468408585 | mean critic loss=1.1563688516616821 | mean entropy loss=-3.7279917001724243
[2026-10-03 12:23:39] [INFO] Epoch 2: mean total loss=0.104643689468503 | mean actor loss=-0.002046411857008934 | mean critic loss=1.0669009685516357 | mean entropy loss=-3.7337067127227783
[2026-10-03 12:23:39] [INFO] Epoch 3: mean total loss=0.09524290139476459 | mean actor loss=-0.0031915584889551005 | mean critic loss=0.9843445618947347 | mean entropy loss=-3.7320710817972818
[2026-10-03 12:23:40] [INFO] Epoch 4: mean total loss=0.08405956067144871 | mean actor loss=-0.0067255840403959155 | mean critic loss=0.907851405441761 | mean entropy loss=-3.7309340834617615
[2026-10-03 12:23:41] [INFO] Epoch 1: mean total loss=0.08668730780482292 | mean actor loss=-1.989305019378662e-06 | mean critic loss=0.8668929636478424 | mean entropy loss=-4.045024871826172
[2026-10-03 12:23:41] [INFO] Epoch 2: mean total loss=0.0786809679120779 | mean actor loss=-0.0013822633773088455 | mean critic loss=0.8006322979927063 | mean entropy loss=-4.046381831169128
[2026-10-03 12:23:42] [INFO] Epoch 3: mean total loss=0.06962571913997333 | mean actor loss=-0.0035763892034689584 | mean critic loss=0.7320210735003153 | mean entropy loss=-4.047772487004598
[2026-10-03 12:23:42] [INFO] Epoch 4: mean total loss=0.06151838880032301 | mean actor loss=-0.00621007289737463 | mean critic loss=0.6772846058011055 | mean entropy loss=-4.04907950758934
[2026-10-03 12:23:43] [INFO] Epoch 1: mean total loss=0.03751358762383461 | mean actor loss=-0.0021057836711406708 | mean critic loss=0.3961936980485916 | mean entropy loss=-3.690704584121704
[2026-10-03 12:23:44] [INFO] Epoch 2: mean total loss=0.031338637694716454 | mean actor loss=-0.004090709611773491 | mean critic loss=0.35429348051548004 | mean entropy loss=-3.6884626746177673
[2026-10-03 12:23:44] [INFO] Epoch 3: mean total loss=0.026995663531124592 | mean actor loss=-0.004755175051589807 | mean critic loss=0.31750839451948804 | mean entropy loss=-3.686792492866516
[2026-10-03 12:23:44] [INFO] Epoch 4: mean total loss=0.02225184324197471 | mean actor loss=-0.006389621878042817 | mean critic loss=0.28641466051340103 | mean entropy loss=-3.6860059201717377
[2026-10-03 12:23:46] [INFO] Epoch 1: mean total loss=0.04010242968797684 | mean actor loss=0.014600612223148346 | mean critic loss=0.2550181895494461 | mean entropy loss=-3.8288416862487793
[2026-10-03 12:23:46] [INFO] Epoch 2: mean total loss=0.02675697300583124 | mean actor loss=0.0038718609139323235 | mean critic loss=0.22885111719369888 | mean entropy loss=-3.8065553307533264
[2026-10-03 12:23:46] [INFO] Epoch 3: mean total loss=0.021343993954360485 | mean actor loss=0.0005863728001713753 | mean critic loss=0.20757621030012766 | mean entropy loss=-3.8078428904215493
[2026-10-03 12:23:47] [INFO] Epoch 4: mean total loss=0.019516212167218328 | mean actor loss=9.501143358647823e-05 | mean critic loss=0.19421200547367334 | mean entropy loss=-3.810908615589142
[2026-10-03 12:23:48] [INFO] Epoch 1: mean total loss=0.02218547649681568 | mean actor loss=6.513670086860657e-06 | mean critic loss=0.2217896208167076 | mean entropy loss=-3.539849877357483
[2026-10-03 12:23:48] [INFO] Epoch 2: mean total loss=0.019536311738193035 | mean actor loss=-0.0011689616367220879 | mean critic loss=0.20705273002386093 | mean entropy loss=-3.5386874079704285
[2026-10-03 12:23:49] [INFO] Epoch 3: mean total loss=0.01679030992090702 | mean actor loss=-0.002820642665028572 | mean critic loss=0.19610953082640967 | mean entropy loss=-3.537611206372579
[2026-10-03 12:23:49] [INFO] Epoch 4: mean total loss=0.01387310540303588 | mean actor loss=-0.0049020336009562016 | mean critic loss=0.1877514012157917 | mean entropy loss=-3.536635845899582
[2026-10-03 12:23:50] [INFO] Epoch 1: mean total loss=0.022891774773597717 | mean actor loss=-0.00975571945309639 | mean critic loss=0.32647494226694107 | mean entropy loss=-4.039754033088684
[2026-10-03 12:23:51] [INFO] Epoch 2: mean total loss=0.02528406400233507 | mean actor loss=-0.008382005617022514 | mean critic loss=0.3366606943309307 | mean entropy loss=-4.044682085514069
[2026-10-03 12:23:51] [INFO] Epoch 3: mean total loss=0.019664057220021885 | mean actor loss=-0.011708913991848627 | mean critic loss=0.31372969845930737 | mean entropy loss=-4.041888197263082
[2026-10-03 12:23:51] [INFO] Epoch 4: mean total loss=0.015896237455308437 | mean actor loss=-0.012618643697351217 | mean critic loss=0.2851487975567579 | mean entropy loss=-4.044111043214798
[2026-10-03 12:23:53] [INFO] Epoch 1: mean total loss=0.0029465556144714355 | mean actor loss=-0.02231769636273384 | mean critic loss=0.25264255329966545 | mean entropy loss=-3.701751947402954
[2026-10-03 12:23:53] [INFO] Epoch 2: mean total loss=0.011816000565886497 | mean actor loss=-0.010519282892346382 | mean critic loss=0.22335284389555454 | mean entropy loss=-3.7094943523406982
[2026-10-03 12:23:53] [INFO] Epoch 3: mean total loss=0.01327360545595487 | mean actor loss=-0.00729618842403094 | mean critic loss=0.2056979350745678 | mean entropy loss=-3.7162647247314453
[2026-10-03 12:23:54] [INFO] Epoch 4: mean total loss=-0.008209523744881153 | mean actor loss=-0.027981149964034557 | mean critic loss=0.19771625380963087 | mean entropy loss=-3.7119098901748657
[2026-10-03 12:23:55] [INFO] Epoch 1: mean total loss=-0.009716548025608063 | mean actor loss=-0.018719084560871124 | mean critic loss=0.09002537280321121 | mean entropy loss=-3.5627952814102173
[2026-10-03 12:23:55] [INFO] Epoch 2: mean total loss=-0.004864171147346497 | mean actor loss=-0.013798167929053307 | mean critic loss=0.08933997340500355 | mean entropy loss=-3.5542359352111816
[2026-10-03 12:23:56] [INFO] Epoch 3: mean total loss=-0.005751367658376694 | mean actor loss=-0.014560587704181671 | mean critic loss=0.0880922016998132 | mean entropy loss=-3.5571091175079346
[2026-10-03 12:23:56] [INFO] Epoch 4: mean total loss=-0.0045377095229923725 | mean actor loss=-0.01334250345826149 | mean critic loss=0.08804794121533632 | mean entropy loss=-3.5539388954639435
[2026-10-03 12:23:57] [INFO] Epoch 1: mean total loss=0.00790436938405037 | mean actor loss=5.5655837059021e-06 | mean critic loss=0.07898805662989616 | mean entropy loss=-3.7294743061065674
[2026-10-03 12:23:58] [INFO] Epoch 2: mean total loss=0.006557850167155266 | mean actor loss=-0.0010620951652526855 | mean critic loss=0.0761994980275631 | mean entropy loss=-3.728394389152527
[2026-10-03 12:23:58] [INFO] Epoch 3: mean total loss=0.005096608151992162 | mean actor loss=-0.0025675843159357705 | mean critic loss=0.07664195944865544 | mean entropy loss=-3.727263609568278
[2026-10-03 12:23:58] [INFO] Epoch 4: mean total loss=0.0027725407853722572 | mean actor loss=-0.004562957212328911 | mean critic loss=0.07335500419139862 | mean entropy loss=-3.7261044085025787
[2026-10-03 12:24:00] [INFO] Epoch 1: mean total loss=0.006585355848073959 | mean actor loss=-0.011728793382644653 | mean critic loss=0.18314148858189583 | mean entropy loss=-3.6252081394195557
[2026-10-03 12:24:00] [INFO] Epoch 2: mean total loss=0.0032970700412988663 | mean actor loss=-0.014771681278944016 | mean critic loss=0.18068749271333218 | mean entropy loss=-3.630551338195801
[2026-10-03 12:24:00] [INFO] Epoch 3: mean total loss=-0.003851568947235743 | mean actor loss=-0.02094962199529012 | mean critic loss=0.1709805205464363 | mean entropy loss=-3.622422734896342
[2026-10-03 12:24:01] [INFO] Epoch 4: mean total loss=-0.006029846146702766 | mean actor loss=-0.022420790046453476 | mean critic loss=0.16390942223370075 | mean entropy loss=-3.6213333010673523
[2026-10-03 12:24:02] [INFO] Epoch 1: mean total loss=0.02535317186266184 | mean actor loss=0.003228645771741867 | mean critic loss=0.22124527394771576 | mean entropy loss=-3.606235146522522
[2026-10-03 12:24:03] [INFO] Epoch 2: mean total loss=0.010379925835877657 | mean actor loss=-0.011001892387866974 | mean critic loss=0.21381819248199463 | mean entropy loss=-3.603472113609314
[2026-10-03 12:24:03] [INFO] Epoch 3: mean total loss=0.006581499241292477 | mean actor loss=-0.014016577353080114 | mean critic loss=0.20598077028989792 | mean entropy loss=-3.606945514678955
[2026-10-03 12:24:03] [INFO] Epoch 4: mean total loss=0.003553623566403985 | mean actor loss=-0.01586951082572341 | mean critic loss=0.19423134997487068 | mean entropy loss=-3.5958673655986786
[2026-10-03 12:24:05] [INFO] Epoch 1: mean total loss=0.005781818181276321 | mean actor loss=-0.003892306238412857 | mean critic loss=0.09674127399921417 | mean entropy loss=-3.648833990097046
[2026-10-03 12:24:05] [INFO] Epoch 2: mean total loss=0.004132218658924103 | mean actor loss=-0.0053805578500032425 | mean critic loss=0.0951277818530798 | mean entropy loss=-3.645343244075775
[2026-10-03 12:24:05] [INFO] Epoch 3: mean total loss=0.004206584145625432 | mean actor loss=-0.0050960307319959 | mean critic loss=0.09302615839987993 | mean entropy loss=-3.644297957420349
[2026-10-03 12:24:05] [INFO] Epoch 4: mean total loss=0.002807692624628544 | mean actor loss=-0.00620429590344429 | mean critic loss=0.09011990041472018 | mean entropy loss=-3.6437778174877167
[2026-10-03 12:24:07] [INFO] Epoch 1: mean total loss=0.034658052027225494 | mean actor loss=0.01551010087132454 | mean critic loss=0.19147948548197746 | mean entropy loss=-3.6642647981643677
[2026-10-03 12:24:07] [INFO] Epoch 2: mean total loss=0.01528906263411045 | mean actor loss=-0.001350143924355507 | mean critic loss=0.1663920395076275 | mean entropy loss=-3.6685593128204346
[2026-10-03 12:24:08] [INFO] Epoch 3: mean total loss=0.030944219479958218 | mean actor loss=0.013621984670559565 | mean critic loss=0.17322232574224472 | mean entropy loss=-3.6743280490239463
[2026-10-03 12:24:08] [INFO] Epoch 4: mean total loss=0.030131841078400612 | mean actor loss=0.011877884157001972 | mean critic loss=0.18253954872488976 | mean entropy loss=-3.6794351935386658
[2026-10-03 12:24:09] [INFO] Epoch 1: mean total loss=0.010173313319683075 | mean actor loss=-1.8127262592315674e-05 | mean critic loss=0.10191439837217331 | mean entropy loss=-3.8532562255859375
[2026-10-03 12:24:10] [INFO] Epoch 2: mean total loss=0.008488401770591736 | mean actor loss=-0.0015941821038722992 | mean critic loss=0.1008258294314146 | mean entropy loss=-3.853906035423279
[2026-10-03 12:24:10] [INFO] Epoch 3: mean total loss=0.005473172912995021 | mean actor loss=-0.004039475694298744 | mean critic loss=0.09512648110588391 | mean entropy loss=-3.8542932669321694
[2026-10-03 12:24:10] [INFO] Epoch 4: mean total loss=0.0023457471979781985 | mean actor loss=-0.006654725875705481 | mean critic loss=0.09000472608022392 | mean entropy loss=-3.8543617725372314
[2026-10-03 12:24:12] [INFO] Epoch 1: mean total loss=0.041183605790138245 | mean actor loss=0.014372192323207855 | mean critic loss=0.2681140974164009 | mean entropy loss=-3.7745860815048218
[2026-10-03 12:24:12] [INFO] Epoch 2: mean total loss=0.01727474480867386 | mean actor loss=-0.010402772575616837 | mean critic loss=0.27677518129348755 | mean entropy loss=-3.7649282813072205
[2026-10-03 12:24:12] [INFO] Epoch 3: mean total loss=0.0009824087222417195 | mean actor loss=-0.026800788938999176 | mean critic loss=0.2778319964806239 | mean entropy loss=-3.76417609055837
[2026-10-03 12:24:13] [INFO] Epoch 4: mean total loss=0.002197772264480591 | mean actor loss=-0.025320506189018488 | mean critic loss=0.2751827985048294 | mean entropy loss=-3.763362944126129
[2026-10-03 12:24:14] [INFO] Epoch 1: mean total loss=-0.02787213772535324 | mean actor loss=-0.03898564726114273 | mean critic loss=0.1111351028084755 | mean entropy loss=-3.822059988975525
[2026-10-03 12:24:14] [INFO] Epoch 2: mean total loss=-0.018496394157409668 | mean actor loss=-0.02984771877527237 | mean critic loss=0.11351324152201414 | mean entropy loss=-3.8172598481178284
[2026-10-03 12:24:15] [INFO] Epoch 3: mean total loss=-0.01766214395562808 | mean actor loss=-0.028708603233098984 | mean critic loss=0.11046458097795646 | mean entropy loss=-3.8154151837031045
[2026-10-03 12:24:15] [INFO] Epoch 4: mean total loss=-0.022237470373511314 | mean actor loss=-0.03287369664758444 | mean critic loss=0.1063622529618442 | mean entropy loss=-3.8302319943904877
[2026-10-03 12:24:16] [INFO] Epoch 1: mean total loss=0.019980452954769135 | mean actor loss=0.00442282110452652 | mean critic loss=0.1555762179195881 | mean entropy loss=-3.5953030586242676
[2026-10-03 12:24:17] [INFO] Epoch 2: mean total loss=0.017097720876336098 | mean actor loss=0.0018618833273649216 | mean critic loss=0.15235833637416363 | mean entropy loss=-3.5907868146896362
[2026-10-03 12:24:17] [INFO] Epoch 3: mean total loss=0.012954728056987127 | mean actor loss=-0.00180831179022789 | mean critic loss=0.1476303574939569 | mean entropy loss=-3.5883215268452964
[2026-10-03 12:24:17] [INFO] Epoch 4: mean total loss=0.010395498014986515 | mean actor loss=-0.00397228728979826 | mean critic loss=0.14367781672626734 | mean entropy loss=-3.5879918038845062
[2026-10-03 12:24:19] [INFO] Epoch 1: mean total loss=0.016550784930586815 | mean actor loss=0.0023852940648794174 | mean critic loss=0.14165489748120308 | mean entropy loss=-3.7195180654525757
[2026-10-03 12:24:19] [INFO] Epoch 2: mean total loss=0.009766816161572933 | mean actor loss=-0.004265752620995045 | mean critic loss=0.14032569341361523 | mean entropy loss=-3.716605842113495
[2026-10-03 12:24:19] [INFO] Epoch 3: mean total loss=-0.02712440552810828 | mean actor loss=-0.04158329280714194 | mean critic loss=0.1445888914167881 | mean entropy loss=-3.716567635536194
[2026-10-03 12:24:20] [INFO] Epoch 4: mean total loss=-0.026310060638934374 | mean actor loss=-0.04050538735464215 | mean critic loss=0.1419532708823681 | mean entropy loss=-3.7152551412582397
[2026-10-03 12:24:21] [INFO] Epoch 1: mean total loss=0.012910307385027409 | mean actor loss=0.0006756547372788191 | mean critic loss=0.12234652787446976 | mean entropy loss=-3.810999274253845
[2026-10-03 12:24:21] [INFO] Epoch 2: mean total loss=0.011055194307118654 | mean actor loss=-0.00019514618907123804 | mean critic loss=0.11250340659171343 | mean entropy loss=-3.816565215587616
[2026-10-03 12:24:22] [INFO] Epoch 3: mean total loss=0.008486412465572357 | mean actor loss=-0.0031258092106630406 | mean critic loss=0.11612221909066041 | mean entropy loss=-3.796807607014974
[2026-10-03 12:24:22] [INFO] Epoch 4: mean total loss=0.005559217184782028 | mean actor loss=-0.005843957478646189 | mean critic loss=0.11403174279257655 | mean entropy loss=-3.8025838434696198
[2026-10-03 12:24:23] [INFO] Epoch 1: mean total loss=0.009345568716526031 | mean actor loss=2.5935471057891846e-05 | mean critic loss=0.09319633059203625 | mean entropy loss=-3.808263063430786
[2026-10-03 12:24:24] [INFO] Epoch 2: mean total loss=0.008767608553171158 | mean actor loss=-0.000811014324426651 | mean critic loss=0.09578624460846186 | mean entropy loss=-3.808352291584015
[2026-10-03 12:24:24] [INFO] Epoch 3: mean total loss=0.006804950535297394 | mean actor loss=-0.002364419400691986 | mean critic loss=0.09169369842857122 | mean entropy loss=-3.8086212873458862
[2026-10-03 12:24:24] [INFO] Epoch 4: mean total loss=0.0044802334159612656 | mean actor loss=-0.004258975386619568 | mean critic loss=0.08739209710620344 | mean entropy loss=-3.808993399143219
[2026-10-03 12:24:26] [INFO] Epoch 1: mean total loss=0.0469839870929718 | mean actor loss=0.038530632853507996 | mean critic loss=0.08453341387212276 | mean entropy loss=-3.7928792238235474
[2026-10-03 12:24:26] [INFO] Epoch 2: mean total loss=0.0347480196505785 | mean actor loss=0.0264018252491951 | mean critic loss=0.08346185460686684 | mean entropy loss=-3.8021680116653442
[2026-10-03 12:24:26] [INFO] Epoch 3: mean total loss=0.032952647656202316 | mean actor loss=0.02517666419347127 | mean critic loss=0.07775976322591305 | mean entropy loss=-3.8006425698598227
[2026-10-03 12:24:27] [INFO] Epoch 4: mean total loss=0.014697101898491383 | mean actor loss=0.007061321288347244 | mean critic loss=0.07635775581002235 | mean entropy loss=-3.7926207184791565
[2026-10-03 12:24:28] [INFO] Epoch 1: mean total loss=0.006990802474319935 | mean actor loss=0.0005928499158471823 | mean critic loss=0.06397952511906624 | mean entropy loss=-3.805846333503723
[2026-10-03 12:24:28] [INFO] Epoch 2: mean total loss=-0.020160199608653784 | mean actor loss=-0.026474066195078194 | mean critic loss=0.06313862185925245 | mean entropy loss=-3.778653860092163
[2026-10-03 12:24:29] [INFO] Epoch 3: mean total loss=-0.01336879376322031 | mean actor loss=-0.019478540945177276 | mean critic loss=0.061097439378499985 | mean entropy loss=-3.781322161356608
[2026-10-03 12:24:29] [INFO] Epoch 4: mean total loss=0.011648082407191396 | mean actor loss=0.005676723027136177 | mean critic loss=0.05971355037763715 | mean entropy loss=-3.769297093153
[2026-10-03 12:24:30] [INFO] Epoch 1: mean total loss=0.0008553341031074524 | mean actor loss=-0.01116139441728592 | mean critic loss=0.12016728520393372 | mean entropy loss=-3.9149409532546997
[2026-10-03 12:24:31] [INFO] Epoch 2: mean total loss=-0.0004401691257953644 | mean actor loss=-0.012332253158092499 | mean critic loss=0.11892080493271351 | mean entropy loss=-3.9154356718063354
[2026-10-03 12:24:31] [INFO] Epoch 3: mean total loss=-0.004316449165344238 | mean actor loss=-0.01603517433007558 | mean critic loss=0.11718724047144254 | mean entropy loss=-3.9210450649261475
[2026-10-03 12:24:31] [INFO] Epoch 4: mean total loss=-0.004128437489271164 | mean actor loss=-0.015672938898205757 | mean critic loss=0.11544500757008791 | mean entropy loss=-3.9198138415813446
[2026-10-03 12:24:33] [INFO] Epoch 1: mean total loss=0.045573532581329346 | mean actor loss=0.034580230712890625 | mean critic loss=0.10993299260735512 | mean entropy loss=-3.599475622177124
[2026-10-03 12:24:33] [INFO] Epoch 2: mean total loss=0.010977175086736679 | mean actor loss=-0.0006537027657032013 | mean critic loss=0.11630876921117306 | mean entropy loss=-3.6005088090896606
[2026-10-03 12:24:33] [INFO] Epoch 3: mean total loss=0.01514853909611702 | mean actor loss=0.004164451112349828 | mean critic loss=0.10984087611238162 | mean entropy loss=-3.601574738820394
[2026-10-03 12:24:34] [INFO] Epoch 4: mean total loss=0.010538509814068675 | mean actor loss=-0.00023447012063115835 | mean critic loss=0.10772979445755482 | mean entropy loss=-3.6099021434783936
[2026-10-03 12:24:35] [INFO] Epoch 1: mean total loss=0.007466054521501064 | mean actor loss=-0.0033024288713932037 | mean critic loss=0.10768483486026525 | mean entropy loss=-3.8975107669830322
[2026-10-03 12:24:35] [INFO] Epoch 2: mean total loss=-0.004630182404071093 | mean actor loss=-0.014899427071213722 | mean critic loss=0.10269250115379691 | mean entropy loss=-3.8996739983558655
[2026-10-03 12:24:36] [INFO] Epoch 3: mean total loss=-0.013735654763877392 | mean actor loss=-0.02365409955382347 | mean critic loss=0.09918449663867553 | mean entropy loss=-3.8998175462086997
[2026-10-03 12:24:36] [INFO] Epoch 4: mean total loss=-0.018845439190045 | mean actor loss=-0.028438073582947254 | mean critic loss=0.09592638327740133 | mean entropy loss=-3.896807700395584
[2026-10-03 12:24:37] [INFO] Epoch 1: mean total loss=0.014522857964038849 | mean actor loss=0.007206317037343979 | mean critic loss=0.0731654204428196 | mean entropy loss=-3.800207734107971
[2026-10-03 12:24:38] [INFO] Epoch 2: mean total loss=0.004389762878417969 | mean actor loss=-0.0027865897864103317 | mean critic loss=0.0717635490000248 | mean entropy loss=-3.790717601776123
[2026-10-03 12:24:38] [INFO] Epoch 3: mean total loss=-0.007885667184988657 | mean actor loss=-0.0148770771920681 | mean critic loss=0.06991409820814927 | mean entropy loss=-3.794793407122294
[2026-10-03 12:24:38] [INFO] Epoch 4: mean total loss=-0.009779052808880806 | mean actor loss=-0.016426107846200466 | mean critic loss=0.06647055828943849 | mean entropy loss=-3.7924295365810394
[2026-10-03 12:24:40] [INFO] Epoch 1: mean total loss=0.026602648198604584 | mean actor loss=0.010919205844402313 | mean critic loss=0.15683452039957047 | mean entropy loss=-3.507695436477661
[2026-10-03 12:24:40] [INFO] Epoch 2: mean total loss=0.014165852218866348 | mean actor loss=-0.0015235766768455505 | mean critic loss=0.15689433179795742 | mean entropy loss=-3.5083110332489014
[2026-10-03 12:24:40] [INFO] Epoch 3: mean total loss=0.0015834992130597432 | mean actor loss=-0.014440678060054779 | mean critic loss=0.16024179694553217 | mean entropy loss=-3.5016609032948813
[2026-10-03 12:24:41] [INFO] Epoch 4: mean total loss=-0.003211711533367634 | mean actor loss=-0.01867802022024989 | mean critic loss=0.1546631040982902 | mean entropy loss=-3.5011112689971924
[2026-10-03 12:24:42] [INFO] Epoch 1: mean total loss=-0.06910327076911926 | mean actor loss=-0.0896860659122467 | mean critic loss=0.20582789182662964 | mean entropy loss=-3.885355234146118
[2026-10-03 12:24:42] [INFO] Epoch 2: mean total loss=-0.05445777624845505 | mean actor loss=-0.07483895495533943 | mean critic loss=0.20381172001361847 | mean entropy loss=-3.8841187953948975
[2026-10-03 12:24:43] [INFO] Epoch 3: mean total loss=-0.03071681084111333 | mean actor loss=-0.05143653601408005 | mean critic loss=0.20719720795750618 | mean entropy loss=-3.894106109937032
[2026-10-03 12:24:43] [INFO] Epoch 4: mean total loss=-0.01666460873093456 | mean actor loss=-0.03766070678830147 | mean critic loss=0.2099609412252903 | mean entropy loss=-3.8938444554805756
[2026-10-03 12:24:44] [INFO] Epoch 1: mean total loss=0.020761270076036453 | mean actor loss=0.010946031659841537 | mean critic loss=0.0981524083763361 | mean entropy loss=-3.869204044342041
[2026-10-03 12:24:45] [INFO] Epoch 2: mean total loss=0.019693169742822647 | mean actor loss=0.009562220424413681 | mean critic loss=0.10130950529128313 | mean entropy loss=-3.8583582639694214
[2026-10-03 12:24:45] [INFO] Epoch 3: mean total loss=0.016897302120923996 | mean actor loss=0.007110762099424998 | mean critic loss=0.09786540890733401 | mean entropy loss=-3.877925078074137
[2026-10-03 12:24:45] [INFO] Epoch 4: mean total loss=0.008308335207402706 | mean actor loss=-0.0012481389567255974 | mean critic loss=0.09556474257260561 | mean entropy loss=-3.871297985315323
[2026-10-03 12:24:47] [INFO] Epoch 1: mean total loss=0.013705182820558548 | mean actor loss=-0.0005300417542457581 | mean critic loss=0.14235226437449455 | mean entropy loss=-3.429932951927185
[2026-10-03 12:24:47] [INFO] Epoch 2: mean total loss=0.010555610759183764 | mean actor loss=-0.0028866027714684606 | mean critic loss=0.13442214392125607 | mean entropy loss=-3.428995430469513
[2026-10-03 12:24:47] [INFO] Epoch 3: mean total loss=0.007924904891600212 | mean actor loss=-0.004781374785428246 | mean critic loss=0.12706280251344046 | mean entropy loss=-3.4354121685028076
[2026-10-03 12:24:48] [INFO] Epoch 4: mean total loss=-7.176550570875406e-05 | mean actor loss=-0.012203581223729998 | mean critic loss=0.12131816241890192 | mean entropy loss=-3.455634295940399
[2026-10-03 12:24:49] [INFO] Epoch 1: mean total loss=-8.922815322875977e-05 | mean actor loss=-0.0031381845474243164 | mean critic loss=0.03048954624682665 | mean entropy loss=-3.86161208152771
[2026-10-03 12:24:49] [INFO] Epoch 2: mean total loss=-0.00043026451021432877 | mean actor loss=-0.0035061973612755537 | mean critic loss=0.030759320128709078 | mean entropy loss=-3.8642215728759766
[2026-10-03 12:24:50] [INFO] Epoch 3: mean total loss=-0.0022287884106238685 | mean actor loss=-0.005190164316445589 | mean critic loss=0.02961375005543232 | mean entropy loss=-3.863938252131144
[2026-10-03 12:24:50] [INFO] Epoch 4: mean total loss=-0.004589598160237074 | mean actor loss=-0.007459694868884981 | mean critic loss=0.02870093798264861 | mean entropy loss=-3.864274799823761
[2026-10-03 12:24:51] [INFO] Epoch 1: mean total loss=0.006850734353065491 | mean actor loss=0.00463443249464035 | mean critic loss=0.022162990644574165 | mean entropy loss=-3.6855732202529907
[2026-10-03 12:24:52] [INFO] Epoch 2: mean total loss=0.0051398612558841705 | mean actor loss=0.0029968582093715668 | mean critic loss=0.02142999367788434 | mean entropy loss=-3.688339591026306
[2026-10-03 12:24:52] [INFO] Epoch 3: mean total loss=0.0017132175465424855 | mean actor loss=-0.00035166585197051364 | mean critic loss=0.02064880821853876 | mean entropy loss=-3.688555280367533
[2026-10-03 12:24:52] [INFO] Epoch 4: mean total loss=-0.0010967981070280075 | mean actor loss=-0.00308958045206964 | mean critic loss=0.019927807268686593 | mean entropy loss=-3.686651736497879
[2026-10-03 12:24:54] [INFO] Epoch 1: mean total loss=0.019652964547276497 | mean actor loss=0.004295190796256065 | mean critic loss=0.15357773751020432 | mean entropy loss=-3.8457752466201782
[2026-10-03 12:24:54] [INFO] Epoch 2: mean total loss=0.014003001619130373 | mean actor loss=-0.0011972005013376474 | mean critic loss=0.15200202073901892 | mean entropy loss=-3.8554946780204773
[2026-10-03 12:24:54] [INFO] Epoch 3: mean total loss=0.0035010927046338716 | mean actor loss=-0.011334173536549011 | mean critic loss=0.14835266085962454 | mean entropy loss=-3.8742622534434
[2026-10-03 12:24:54] [INFO] Epoch 4: mean total loss=0.0018544247141107917 | mean actor loss=-0.012533795088529587 | mean critic loss=0.14388219499960542 | mean entropy loss=-3.8777415454387665
[2026-10-03 12:24:56] [INFO] Epoch 1: mean total loss=0.005186112364754081 | mean actor loss=4.926871042698622e-05 | mean critic loss=0.051368437707424164 | mean entropy loss=-3.6248663663864136
[2026-10-03 12:24:56] [INFO] Epoch 2: mean total loss=0.012359999935142696 | mean actor loss=0.0072302696644328535 | mean critic loss=0.051297299563884735 | mean entropy loss=-3.615434765815735
[2026-10-03 12:24:57] [INFO] Epoch 3: mean total loss=0.010133075760677457 | mean actor loss=0.005113966103332738 | mean critic loss=0.0501910795768102 | mean entropy loss=-3.6146812041600547
[2026-10-03 12:24:57] [INFO] Epoch 4: mean total loss=0.01327981281792745 | mean actor loss=0.008424821746302769 | mean critic loss=0.04854989517480135 | mean entropy loss=-3.613152861595154
[2026-10-03 12:24:58] [INFO] Epoch 1: mean total loss=0.01905379444360733 | mean actor loss=0.01391507312655449 | mean critic loss=0.05138721130788326 | mean entropy loss=-3.794379949569702
[2026-10-03 12:24:59] [INFO] Epoch 2: mean total loss=0.0026017986238002777 | mean actor loss=-0.0027240458875894547 | mean critic loss=0.05325844045728445 | mean entropy loss=-3.7969980239868164
[2026-10-03 12:24:59] [INFO] Epoch 3: mean total loss=-0.004489136238892873 | mean actor loss=-0.009932927787303925 | mean critic loss=0.05443790306647619 | mean entropy loss=-3.797268191973368
[2026-10-03 12:24:59] [INFO] Epoch 4: mean total loss=-0.002012725919485092 | mean actor loss=-0.007238389924168587 | mean critic loss=0.052256632363423705 | mean entropy loss=-3.8068582713603973
[2026-10-03 12:25:01] [INFO] Epoch 1: mean total loss=-0.007917411625385284 | mean actor loss=-0.019939005374908447 | mean critic loss=0.12021595612168312 | mean entropy loss=-3.8721636533737183
[2026-10-03 12:25:01] [INFO] Epoch 2: mean total loss=-0.02714082971215248 | mean actor loss=-0.03980652987957001 | mean critic loss=0.126657010987401 | mean entropy loss=-3.8541910648345947
[2026-10-03 12:25:01] [INFO] Epoch 3: mean total loss=-0.04707909872134527 | mean actor loss=-0.06054186820983887 | mean critic loss=0.1346277010937532 | mean entropy loss=-3.859208663304647
[2026-10-03 12:25:01] [INFO] Epoch 4: mean total loss=-0.04015076160430908 | mean actor loss=-0.05321233533322811 | mean critic loss=0.13061572890728712 | mean entropy loss=-3.862404704093933
[2026-10-03 12:25:03] [INFO] Epoch 1: mean total loss=0.005048871040344238 | mean actor loss=-4.320777952671051e-05 | mean critic loss=0.05092080123722553 | mean entropy loss=-3.5337573289871216
[2026-10-03 12:25:03] [INFO] Epoch 2: mean total loss=0.0046669552102684975 | mean actor loss=-0.0011726589873433113 | mean critic loss=0.058396149426698685 | mean entropy loss=-3.533234119415283
[2026-10-03 12:25:04] [INFO] Epoch 3: mean total loss=0.003090073044101397 | mean actor loss=-0.0027460635950167975 | mean critic loss=0.05836136887470881 | mean entropy loss=-3.532604535420736
[2026-10-03 12:25:04] [INFO] Epoch 4: mean total loss=0.0006275703199207783 | mean actor loss=-0.004812138620764017 | mean critic loss=0.054397089406847954 | mean entropy loss=-3.5318885445594788
[2026-10-03 12:25:05] [INFO] Epoch 1: mean total loss=-0.01931748539209366 | mean actor loss=-0.04071620851755142 | mean critic loss=0.21398727223277092 | mean entropy loss=-3.4961668252944946
[2026-10-03 12:25:06] [INFO] Epoch 2: mean total loss=-0.03028852865099907 | mean actor loss=-0.05105232819914818 | mean critic loss=0.20763798244297504 | mean entropy loss=-3.5048006772994995
[2026-10-03 12:25:06] [INFO] Epoch 3: mean total loss=-0.01727466657757759 | mean actor loss=-0.036869493507159255 | mean critic loss=0.1959482617676258 | mean entropy loss=-3.5145217974980674
[2026-10-03 12:25:06] [INFO] Epoch 4: mean total loss=-0.01642765011638403 | mean actor loss=-0.034452924417564645 | mean critic loss=0.18025275319814682 | mean entropy loss=-3.5216095447540283
[2026-10-03 12:25:08] [INFO] Epoch 1: mean total loss=0.021008551120758057 | mean actor loss=0.01470458135008812 | mean critic loss=0.06303967721760273 | mean entropy loss=-3.516513466835022
[2026-10-03 12:25:08] [INFO] Epoch 2: mean total loss=-0.004391774535179138 | mean actor loss=-0.012195685878396034 | mean critic loss=0.07803909946233034 | mean entropy loss=-3.4990150332450867
[2026-10-03 12:25:08] [INFO] Epoch 3: mean total loss=-0.013801495234171549 | mean actor loss=-0.02287333831191063 | mean critic loss=0.09071844257414341 | mean entropy loss=-3.4931269884109497
[2026-10-03 12:25:09] [INFO] Epoch 4: mean total loss=-0.035524677485227585 | mean actor loss=-0.04466214310377836 | mean critic loss=0.09137467248365283 | mean entropy loss=-3.4909981787204742
[2026-10-03 12:25:10] [INFO] Epoch 1: mean total loss=0.0025086738169193268 | mean actor loss=-0.0018353499472141266 | mean critic loss=0.043440237641334534 | mean entropy loss=-4.010725140571594
[2026-10-03 12:25:10] [INFO] Epoch 2: mean total loss=-0.019740363582968712 | mean actor loss=-0.02474995143711567 | mean critic loss=0.05009591253474355 | mean entropy loss=-4.018629968166351
[2026-10-03 12:25:10] [INFO] Epoch 3: mean total loss=-0.012674383508662382 | mean actor loss=-0.0182202806075414 | mean critic loss=0.05545899427185456 | mean entropy loss=-4.01459260781606
[2026-10-03 12:25:11] [INFO] Epoch 4: mean total loss=-0.010183425853028893 | mean actor loss=-0.015609411057084799 | mean critic loss=0.05425986950285733 | mean entropy loss=-4.014823943376541
[2026-10-03 12:25:12] [INFO] Epoch 1: mean total loss=-0.004838921129703522 | mean actor loss=-0.010999705642461777 | mean critic loss=0.06160789541900158 | mean entropy loss=-3.9395755529403687
[2026-10-03 12:25:12] [INFO] Epoch 2: mean total loss=0.00038955407217144966 | mean actor loss=-0.006409307476133108 | mean critic loss=0.06798863876610994 | mean entropy loss=-3.933510899543762
[2026-10-03 12:25:13] [INFO] Epoch 3: mean total loss=-0.00024103124936421713 | mean actor loss=-0.006912238352621595 | mean critic loss=0.06671208515763283 | mean entropy loss=-3.9341155687967935
[2026-10-03 12:25:13] [INFO] Epoch 4: mean total loss=-0.00021166354417800903 | mean actor loss=-0.006811333412770182 | mean critic loss=0.0659967539831996 | mean entropy loss=-3.934666872024536
[2026-10-03 12:25:14] [INFO] Epoch 1: mean total loss=-0.01089806854724884 | mean actor loss=-0.01623091846704483 | mean critic loss=0.053328512236475945 | mean entropy loss=-3.834803342819214
[2026-10-03 12:25:15] [INFO] Epoch 2: mean total loss=-0.0016589416190981865 | mean actor loss=-0.007406227290630341 | mean critic loss=0.05747286882251501 | mean entropy loss=-3.823697566986084
[2026-10-03 12:25:15] [INFO] Epoch 3: mean total loss=0.00020292370269695917 | mean actor loss=-0.00568080289910237 | mean critic loss=0.058837274089455605 | mean entropy loss=-3.818663716316223
[2026-10-03 12:25:15] [INFO] Epoch 4: mean total loss=-0.0044908004347234964 | mean actor loss=-0.010182298487052321 | mean critic loss=0.05691498937085271 | mean entropy loss=-3.8090561032295227
[2026-10-03 12:25:17] [INFO] Epoch 1: mean total loss=-0.002205178141593933 | mean actor loss=-0.02315196394920349 | mean critic loss=0.20946776121854782 | mean entropy loss=-3.923390030860901
[2026-10-03 12:25:17] [INFO] Epoch 2: mean total loss=-0.008300140500068665 | mean actor loss=-0.028042316436767578 | mean critic loss=0.1974217537790537 | mean entropy loss=-3.9096533060073853
[2026-10-03 12:25:17] [INFO] Epoch 3: mean total loss=-0.01849781225124995 | mean actor loss=-0.0373049924770991 | mean critic loss=0.18807178363204002 | mean entropy loss=-3.8889196316401162
[2026-10-03 12:25:18] [INFO] Epoch 4: mean total loss=-0.013805692084133625 | mean actor loss=-0.03219039225950837 | mean critic loss=0.18384698498994112 | mean entropy loss=-3.8992441594600677
[2026-10-03 12:25:19] [INFO] Epoch 1: mean total loss=0.011156263295561075 | mean actor loss=0.0044613489881157875 | mean critic loss=0.0669491458684206 | mean entropy loss=-3.2748608589172363
[2026-10-03 12:25:19] [INFO] Epoch 2: mean total loss=0.011373286368325353 | mean actor loss=0.005454637575894594 | mean critic loss=0.05918650631792843 | mean entropy loss=-3.3141989707946777
[2026-10-03 12:25:20] [INFO] Epoch 3: mean total loss=0.03700625725711385 | mean actor loss=0.031691680662333965 | mean critic loss=0.05314580056195458 | mean entropy loss=-3.315078377723694
[2026-10-03 12:25:20] [INFO] Epoch 4: mean total loss=0.012904747040010989 | mean actor loss=0.007956881308928132 | mean critic loss=0.04947869945317507 | mean entropy loss=-3.320483237504959
[2026-10-03 12:25:21] [INFO] Epoch 1: mean total loss=-0.0024736784398555756 | mean actor loss=-0.006216125562787056 | mean critic loss=0.0374244749546051 | mean entropy loss=-3.7814871072769165
[2026-10-03 12:25:22] [INFO] Epoch 2: mean total loss=-0.015407545492053032 | mean actor loss=-0.01919430959969759 | mean critic loss=0.03786767181009054 | mean entropy loss=-3.7916815876960754
[2026-10-03 12:25:22] [INFO] Epoch 3: mean total loss=0.004528429359197617 | mean actor loss=0.0007047796001036962 | mean critic loss=0.03823652739326159 | mean entropy loss=-3.778635859489441
[2026-10-03 12:25:22] [INFO] Epoch 4: mean total loss=-0.002845090813934803 | mean actor loss=-0.006572969723492861 | mean critic loss=0.03727880655787885 | mean entropy loss=-3.7858433425426483
[2026-10-03 12:25:24] [INFO] Epoch 1: mean total loss=0.016928349621593952 | mean actor loss=0.006277170032262802 | mean critic loss=0.10651179030537605 | mean entropy loss=-3.701689600944519
[2026-10-03 12:25:24] [INFO] Epoch 2: mean total loss=0.03802715288475156 | mean actor loss=0.026775728911161423 | mean critic loss=0.11251424066722393 | mean entropy loss=-3.672778904438019
[2026-10-03 12:25:24] [INFO] Epoch 3: mean total loss=0.026198645898451407 | mean actor loss=0.01506420768176516 | mean critic loss=0.11134438216686249 | mean entropy loss=-3.668802777926127
[2026-10-03 12:25:25] [INFO] Epoch 4: mean total loss=0.02003657480236143 | mean actor loss=0.009113705134950578 | mean critic loss=0.10922869574278593 | mean entropy loss=-3.6666303873062134
[2026-10-03 12:25:26] [INFO] Epoch 1: mean total loss=-0.005265936255455017 | mean actor loss=-0.01887454092502594 | mean critic loss=0.13608607836067677 | mean entropy loss=-3.8952603340148926
[2026-10-03 12:25:26] [INFO] Epoch 2: mean total loss=0.0034033842384815216 | mean actor loss=-0.009807061403989792 | mean critic loss=0.1321044536307454 | mean entropy loss=-3.892634689807892
[2026-10-03 12:25:27] [INFO] Epoch 3: mean total loss=0.0033647273667156696 | mean actor loss=-0.009555838808106879 | mean critic loss=0.12920565841098627 | mean entropy loss=-3.8916656573613486
[2026-10-03 12:25:27] [INFO] Epoch 4: mean total loss=0.014394242665730417 | mean actor loss=0.0021107403154019266 | mean critic loss=0.12283501727506518 | mean entropy loss=-3.9042115211486816
[2026-10-03 12:25:28] [INFO] Epoch 1: mean total loss=0.011037483811378479 | mean actor loss=0.0026782602071762085 | mean critic loss=0.0835922472178936 | mean entropy loss=-3.8748048543930054
[2026-10-03 12:25:28] [INFO] Epoch 2: mean total loss=0.00045804306864738464 | mean actor loss=-0.007772738113999367 | mean critic loss=0.08230780996382236 | mean entropy loss=-3.8731099367141724
[2026-10-03 12:25:29] [INFO] Epoch 3: mean total loss=-0.002436712384223938 | mean actor loss=-0.010529534270366033 | mean critic loss=0.08092821948230267 | mean entropy loss=-3.8749873638153076
[2026-10-03 12:25:29] [INFO] Epoch 4: mean total loss=-0.004585904534906149 | mean actor loss=-0.012457283679395914 | mean critic loss=0.07871379749849439 | mean entropy loss=-3.8767719864845276
[2026-10-03 12:25:30] [INFO] Epoch 1: mean total loss=0.07651852071285248 | mean actor loss=0.06895601749420166 | mean critic loss=0.07562487572431564 | mean entropy loss=-3.7236876487731934
[2026-10-03 12:25:31] [INFO] Epoch 2: mean total loss=0.07184803485870361 | mean actor loss=0.0641932263970375 | mean critic loss=0.07654800731688738 | mean entropy loss=-3.7265602350234985
[2026-10-03 12:25:31] [INFO] Epoch 3: mean total loss=0.03443355361620585 | mean actor loss=0.02695167561372121 | mean critic loss=0.07481871110697587 | mean entropy loss=-3.737598180770874
[2026-10-03 12:25:31] [INFO] Epoch 4: mean total loss=0.034280356019735336 | mean actor loss=0.0270206481218338 | mean critic loss=0.0725970296189189 | mean entropy loss=-3.7431915402412415
[2026-10-03 12:25:33] [INFO] Epoch 1: mean total loss=0.08711262047290802 | mean actor loss=0.07720667868852615 | mean critic loss=0.09905945882201195 | mean entropy loss=-3.2992578744888306
[2026-10-03 12:25:33] [INFO] Epoch 2: mean total loss=0.04671239107847214 | mean actor loss=0.03715502470731735 | mean critic loss=0.0955736804753542 | mean entropy loss=-3.3031588792800903
[2026-10-03 12:25:33] [INFO] Epoch 3: mean total loss=0.031287744641304016 | mean actor loss=0.02223194142182668 | mean critic loss=0.09055804771681626 | mean entropy loss=-3.304558356602987
[2026-10-03 12:25:34] [INFO] Epoch 4: mean total loss=0.006719827651977539 | mean actor loss=-0.0022139661014080048 | mean critic loss=0.08933795755729079 | mean entropy loss=-3.2964856028556824
[2026-10-03 12:25:35] [INFO] Epoch 1: mean total loss=0.02909332513809204 | mean actor loss=0.015781588852405548 | mean critic loss=0.13311728741973639 | mean entropy loss=-3.626751184463501
[2026-10-03 12:25:35] [INFO] Epoch 2: mean total loss=0.022070053964853287 | mean actor loss=0.009073145687580109 | mean critic loss=0.12996904412284493 | mean entropy loss=-3.6287028193473816
[2026-10-03 12:25:36] [INFO] Epoch 3: mean total loss=0.025524693230787914 | mean actor loss=0.012418995300928751 | mean critic loss=0.13105697029580674 | mean entropy loss=-3.6312879721323648
[2026-10-03 12:25:36] [INFO] Epoch 4: mean total loss=0.034315697848796844 | mean actor loss=0.020676102489233017 | mean critic loss=0.13639594963751733 | mean entropy loss=-3.638235718011856
[2026-10-03 12:25:37] [INFO] Epoch 1: mean total loss=-0.06873640418052673 | mean actor loss=-0.07951618731021881 | mean critic loss=0.10779784806072712 | mean entropy loss=-3.637060284614563
[2026-10-03 12:25:38] [INFO] Epoch 2: mean total loss=-0.049770183861255646 | mean actor loss=-0.05951320193707943 | mean critic loss=0.09743018355220556 | mean entropy loss=-3.6548157930374146
[2026-10-03 12:25:38] [INFO] Epoch 3: mean total loss=-0.014273424943288168 | mean actor loss=-0.023617489884297054 | mean critic loss=0.09344067362447579 | mean entropy loss=-3.651925245920817
[2026-10-03 12:25:38] [INFO] Epoch 4: mean total loss=-0.00868021696805954 | mean actor loss=-0.017832755111157894 | mean critic loss=0.09152538189664483 | mean entropy loss=-3.647993892431259
[2026-10-03 12:25:40] [INFO] Epoch 1: mean total loss=0.004816014785319567 | mean actor loss=0.0004840854089707136 | mean critic loss=0.043319293297827244 | mean entropy loss=-3.73453152179718
[2026-10-03 12:25:40] [INFO] Epoch 2: mean total loss=0.01018578396178782 | mean actor loss=0.005769080831669271 | mean critic loss=0.044167020823806524 | mean entropy loss=-3.736233353614807
[2026-10-03 12:25:40] [INFO] Epoch 3: mean total loss=0.0026807327133913836 | mean actor loss=-0.0016078406479209661 | mean critic loss=0.042885723213354744 | mean entropy loss=-3.739227294921875
[2026-10-03 12:25:41] [INFO] Epoch 4: mean total loss=-0.002530605415813625 | mean actor loss=-0.006650911003816873 | mean critic loss=0.041203058091923594 | mean entropy loss=-3.7424804866313934
[2026-10-03 12:25:42] [INFO] Epoch 1: mean total loss=1.7061829566955566e-05 | mean actor loss=-0.010128289461135864 | mean critic loss=0.10145356133580208 | mean entropy loss=-3.717246651649475
[2026-10-03 12:25:42] [INFO] Epoch 2: mean total loss=0.0030467226170003414 | mean actor loss=-0.007054280489683151 | mean critic loss=0.10101005993783474 | mean entropy loss=-3.720582664012909
[2026-10-03 12:25:43] [INFO] Epoch 3: mean total loss=-0.002136820616821448 | mean actor loss=-0.011995770037174225 | mean critic loss=0.09858947433531284 | mean entropy loss=-3.7175720930099487
[2026-10-03 12:25:43] [INFO] Epoch 4: mean total loss=-0.004601377295330167 | mean actor loss=-0.014177866280078888 | mean critic loss=0.09576487401500344 | mean entropy loss=-3.7184378802776337
[2026-10-03 12:25:44] [INFO] Epoch 1: mean total loss=0.037299588322639465 | mean actor loss=0.017428092658519745 | mean critic loss=0.198714978992939 | mean entropy loss=-3.7311108112335205
[2026-10-03 12:25:45] [INFO] Epoch 2: mean total loss=0.03168361447751522 | mean actor loss=0.011559909209609032 | mean critic loss=0.2012370526790619 | mean entropy loss=-3.745092988014221
[2026-10-03 12:25:45] [INFO] Epoch 3: mean total loss=0.02457842541237672 | mean actor loss=0.004450970018903415 | mean critic loss=0.2012745551764965 | mean entropy loss=-3.744621992111206
[2026-10-03 12:25:45] [INFO] Epoch 4: mean total loss=0.020774342585355043 | mean actor loss=0.0008765691891312599 | mean critic loss=0.19897773582488298 | mean entropy loss=-3.742956578731537
[2026-10-03 12:25:47] [INFO] Epoch 1: mean total loss=0.012713409960269928 | mean actor loss=0.002446819096803665 | mean critic loss=0.10266590490937233 | mean entropy loss=-4.380119323730469
[2026-10-03 12:25:47] [INFO] Epoch 2: mean total loss=0.009530912153422832 | mean actor loss=-0.00047715241089463234 | mean critic loss=0.10008064284920692 | mean entropy loss=-4.393324255943298
[2026-10-03 12:25:48] [INFO] Epoch 3: mean total loss=0.009253796810905138 | mean actor loss=-0.0003085772817333539 | mean critic loss=0.09562375023961067 | mean entropy loss=-4.400029579798381
[2026-10-03 12:25:48] [INFO] Epoch 4: mean total loss=0.016631882172077894 | mean actor loss=0.007542426465079188 | mean critic loss=0.09089456079527736 | mean entropy loss=-4.393042147159576
[2026-10-03 12:25:49] [INFO] Epoch 1: mean total loss=-0.005385715514421463 | mean actor loss=-0.013769775629043579 | mean critic loss=0.08384058624505997 | mean entropy loss=-3.7146034240722656
[2026-10-03 12:25:50] [INFO] Epoch 2: mean total loss=-0.0059350114315748215 | mean actor loss=-0.01425584964454174 | mean critic loss=0.08320837747305632 | mean entropy loss=-3.7263054251670837
[2026-10-03 12:25:50] [INFO] Epoch 3: mean total loss=-0.02090997373064359 | mean actor loss=-0.029654516528050106 | mean critic loss=0.08744545218845208 | mean entropy loss=-3.726499319076538
[2026-10-03 12:25:50] [INFO] Epoch 4: mean total loss=-0.01691837329417467 | mean actor loss=-0.02579908142797649 | mean critic loss=0.08880709623917937 | mean entropy loss=-3.723574608564377
[2026-10-03 12:25:52] [INFO] Epoch 1: mean total loss=0.01504487544298172 | mean actor loss=0.00526660680770874 | mean critic loss=0.09778266586363316 | mean entropy loss=-3.3687949180603027
[2026-10-03 12:25:52] [INFO] Epoch 2: mean total loss=-0.009011972695589066 | mean actor loss=-0.01878557726740837 | mean critic loss=0.09773605596274137 | mean entropy loss=-3.3909322023391724
[2026-10-03 12:25:52] [INFO] Epoch 3: mean total loss=0.0013603543241818745 | mean actor loss=-0.00818602740764618 | mean critic loss=0.09546383284032345 | mean entropy loss=-3.3808522621790567
[2026-10-03 12:25:53] [INFO] Epoch 4: mean total loss=-0.03291833773255348 | mean actor loss=-0.04237654432654381 | mean critic loss=0.09458208316937089 | mean entropy loss=-3.386444926261902
[2026-10-03 12:25:54] [INFO] Epoch 1: mean total loss=-0.017413824796676636 | mean actor loss=-0.021183744072914124 | mean critic loss=0.03769918065518141 | mean entropy loss=-3.649500250816345
[2026-10-03 12:25:54] [INFO] Epoch 2: mean total loss=-0.019309967756271362 | mean actor loss=-0.02295042760670185 | mean critic loss=0.03640459571033716 | mean entropy loss=-3.6366832852363586
[2026-10-03 12:25:55] [INFO] Epoch 3: mean total loss=-0.025950935979684193 | mean actor loss=-0.02946796640753746 | mean critic loss=0.035170307382941246 | mean entropy loss=-3.6367953221003213
[2026-10-03 12:25:55] [INFO] Epoch 4: mean total loss=-0.019092229194939137 | mean actor loss=-0.022477474994957447 | mean critic loss=0.033852464985102415 | mean entropy loss=-3.6422684490680695
[2026-10-03 12:25:57] [INFO] Epoch 1: mean total loss=0.0013233907520771027 | mean actor loss=-0.0031959861516952515 | mean critic loss=0.045193757861852646 | mean entropy loss=-3.568984031677246
[2026-10-03 12:25:57] [INFO] Epoch 2: mean total loss=-0.0008667726069688797 | mean actor loss=-0.005415100604295731 | mean critic loss=0.04548325762152672 | mean entropy loss=-3.5716384053230286
[2026-10-03 12:25:57] [INFO] Epoch 3: mean total loss=-0.0023444431523482003 | mean actor loss=-0.006788867215315501 | mean critic loss=0.044444228212038674 | mean entropy loss=-3.570110559463501
[2026-10-03 12:25:57] [INFO] Epoch 4: mean total loss=-0.005363686941564083 | mean actor loss=-0.009751517325639725 | mean critic loss=0.04387830174528062 | mean entropy loss=-3.570712447166443
[2026-10-03 12:25:59] [INFO] Epoch 1: mean total loss=0.011549856513738632 | mean actor loss=0.004263736307621002 | mean critic loss=0.07286118343472481 | mean entropy loss=-3.64141845703125
[2026-10-03 12:25:59] [INFO] Epoch 2: mean total loss=0.01069931872189045 | mean actor loss=0.004187297075986862 | mean critic loss=0.06512020621448755 | mean entropy loss=-3.6426395773887634
[2026-10-03 12:26:00] [INFO] Epoch 3: mean total loss=0.007503621280193329 | mean actor loss=0.0011542414625485737 | mean critic loss=0.06349379196763039 | mean entropy loss=-3.6404350996017456
[2026-10-03 12:26:00] [INFO] Epoch 4: mean total loss=0.004103341605514288 | mean actor loss=-0.0020089694298803806 | mean critic loss=0.06112310942262411 | mean entropy loss=-3.638936936855316
[2026-10-03 12:26:01] [INFO] Epoch 1: mean total loss=-0.012438848614692688 | mean actor loss=-0.021235287189483643 | mean critic loss=0.08796445373445749 | mean entropy loss=-3.5782485008239746
[2026-10-03 12:26:02] [INFO] Epoch 2: mean total loss=0.020457234233617783 | mean actor loss=0.01176728680729866 | mean critic loss=0.08689954364672303 | mean entropy loss=-3.567687213420868
[2026-10-03 12:26:02] [INFO] Epoch 3: mean total loss=0.014014340937137604 | mean actor loss=0.005334751370052497 | mean critic loss=0.08679594130565722 | mean entropy loss=-3.5700875520706177
[2026-10-03 12:26:02] [INFO] Epoch 4: mean total loss=0.008476686605717987 | mean actor loss=4.331540549173951e-05 | mean critic loss=0.08433374552987516 | mean entropy loss=-3.5712016224861145
[2026-10-03 12:26:04] [INFO] Epoch 1: mean total loss=0.01052144169807434 | mean actor loss=0.005208060145378113 | mean critic loss=0.05313383229076862 | mean entropy loss=-3.992894768714905
[2026-10-03 12:26:04] [INFO] Epoch 2: mean total loss=0.0055391257628798485 | mean actor loss=0.0002437429502606392 | mean critic loss=0.052953838370740414 | mean entropy loss=-3.9930073022842407
[2026-10-03 12:26:05] [INFO] Epoch 3: mean total loss=0.004506830746928851 | mean actor loss=-0.0006438189496596655 | mean critic loss=0.05150650627911091 | mean entropy loss=-3.993119200070699
[2026-10-03 12:26:05] [INFO] Epoch 4: mean total loss=0.0017305267974734306 | mean actor loss=-0.0032296250574290752 | mean critic loss=0.04960152436979115 | mean entropy loss=-3.9925341606140137
[2026-10-03 12:26:07] [INFO] Epoch 1: mean total loss=-0.01897953450679779 | mean actor loss=-0.024999365210533142 | mean critic loss=0.06019826605916023 | mean entropy loss=-3.670442581176758
[2026-10-03 12:26:08] [INFO] Epoch 2: mean total loss=-0.014493748545646667 | mean actor loss=-0.020513884723186493 | mean critic loss=0.060201372019946575 | mean entropy loss=-3.669087767601013
[2026-10-03 12:26:08] [INFO] Epoch 3: mean total loss=-0.013874253878990809 | mean actor loss=-0.0196689876417319 | mean critic loss=0.057947345077991486 | mean entropy loss=-3.675735354423523
[2026-10-03 12:26:08] [INFO] Epoch 4: mean total loss=-0.052531578578054905 | mean actor loss=-0.05815557111054659 | mean critic loss=0.05623992858454585 | mean entropy loss=-3.6611297726631165
[2026-10-03 12:26:11] [INFO] Epoch 1: mean total loss=0.14252029359340668 | mean actor loss=0.12425479292869568 | mean critic loss=0.18265493214130402 | mean entropy loss=-3.3458993434906006
[2026-10-03 12:26:11] [INFO] Epoch 2: mean total loss=0.09260570630431175 | mean actor loss=0.0751657523214817 | mean critic loss=0.17439953470602632 | mean entropy loss=-3.3394070863723755
[2026-10-03 12:26:11] [INFO] Epoch 3: mean total loss=0.05974105993906657 | mean actor loss=0.043606905887524285 | mean critic loss=0.16134154330939054 | mean entropy loss=-3.3281505902608237
[2026-10-03 12:26:12] [INFO] Epoch 4: mean total loss=0.04597899748478085 | mean actor loss=0.030901909529347904 | mean critic loss=0.15077088051475585 | mean entropy loss=-3.310914099216461
[2026-10-03 12:26:15] [INFO] Epoch 1: mean total loss=0.04012700915336609 | mean actor loss=0.032699622213840485 | mean critic loss=0.0742739737033844 | mean entropy loss=-3.8880149126052856
[2026-10-03 12:26:15] [INFO] Epoch 2: mean total loss=0.03251432627439499 | mean actor loss=0.02484462410211563 | mean critic loss=0.07669708505272865 | mean entropy loss=-3.890093207359314
[2026-10-03 12:26:15] [INFO] Epoch 3: mean total loss=0.02362840250134468 | mean actor loss=0.016125390926996868 | mean critic loss=0.07503015796343486 | mean entropy loss=-3.886761943499247
[2026-10-03 12:26:15] [INFO] Epoch 4: mean total loss=0.015467905905097723 | mean actor loss=0.008371453848667443 | mean critic loss=0.07096455246210098 | mean entropy loss=-3.8791617453098297
[2026-10-03 12:26:18] [INFO] Epoch 1: mean total loss=0.010523464530706406 | mean actor loss=0.0024079792201519012 | mean critic loss=0.08115484565496445 | mean entropy loss=-3.9083549976348877
[2026-10-03 12:26:18] [INFO] Epoch 2: mean total loss=0.026972414925694466 | mean actor loss=0.018396932631731033 | mean critic loss=0.08575480990111828 | mean entropy loss=-3.9186342358589172
[2026-10-03 12:26:19] [INFO] Epoch 3: mean total loss=0.031687082101901375 | mean actor loss=0.02339095001419385 | mean critic loss=0.0829613246023655 | mean entropy loss=-3.919378121693929
[2026-10-03 12:26:19] [INFO] Epoch 4: mean total loss=0.028669974766671658 | mean actor loss=0.02082981262356043 | mean critic loss=0.07840162783395499 | mean entropy loss=-3.916808784008026
[2026-10-03 12:26:22] [INFO] Epoch 1: mean total loss=-0.11103402078151703 | mean actor loss=-0.12863287329673767 | mean critic loss=0.17598860524594784 | mean entropy loss=-3.853392481803894
[2026-10-03 12:26:22] [INFO] Epoch 2: mean total loss=-0.04995001759380102 | mean actor loss=-0.0655017364770174 | mean critic loss=0.15551723074167967 | mean entropy loss=-3.833479881286621
[2026-10-03 12:26:22] [INFO] Epoch 3: mean total loss=-0.033475736156105995 | mean actor loss=-0.04848339377592007 | mean critic loss=0.15007660227517286 | mean entropy loss=-3.813507914543152
[2026-10-03 12:26:22] [INFO] Epoch 4: mean total loss=-0.04301089746877551 | mean actor loss=-0.05810598540119827 | mean critic loss=0.15095089608803391 | mean entropy loss=-3.804213732481003
[2026-10-03 12:26:25] [INFO] Epoch 1: mean total loss=0.0046704113483428955 | mean actor loss=-0.0004363507032394409 | mean critic loss=0.05106758698821068 | mean entropy loss=-3.887465238571167
[2026-10-03 12:26:25] [INFO] Epoch 2: mean total loss=0.0032735466957092285 | mean actor loss=-0.0018633008003234863 | mean critic loss=0.05136846285313368 | mean entropy loss=-3.8859620690345764
[2026-10-03 12:26:25] [INFO] Epoch 3: mean total loss=-0.018584012985229492 | mean actor loss=-0.02366658051808675 | mean critic loss=0.05082566229005655 | mean entropy loss=-3.8746613264083862
[2026-10-03 12:26:26] [INFO] Epoch 4: mean total loss=-0.02250584214925766 | mean actor loss=-0.027330663055181503 | mean critic loss=0.04824819415807724 | mean entropy loss=-3.8704277873039246
[2026-10-03 12:26:28] [INFO] Epoch 1: mean total loss=0.0032692626118659973 | mean actor loss=-0.0008870065212249756 | mean critic loss=0.04156274162232876 | mean entropy loss=-3.8791887760162354
[2026-10-03 12:26:29] [INFO] Epoch 2: mean total loss=0.011357348412275314 | mean actor loss=0.0073498934507369995 | mean critic loss=0.04007455660030246 | mean entropy loss=-3.8858266472816467
[2026-10-03 12:26:29] [INFO] Epoch 3: mean total loss=-0.006350121150414149 | mean actor loss=-0.010249574979146322 | mean critic loss=0.03899455536156893 | mean entropy loss=-3.88934592405955
[2026-10-03 12:26:29] [INFO] Epoch 4: mean total loss=-0.01747224759310484 | mean actor loss=-0.02138763666152954 | mean critic loss=0.03915390511974692 | mean entropy loss=-3.880357176065445
[2026-10-03 12:26:32] [INFO] Epoch 1: mean total loss=0.007746674120426178 | mean actor loss=-0.002195797860622406 | mean critic loss=0.09942475520074368 | mean entropy loss=-3.504220962524414
[2026-10-03 12:26:32] [INFO] Epoch 2: mean total loss=0.009181664092466235 | mean actor loss=1.1802185326814651e-05 | mean critic loss=0.09169863536953926 | mean entropy loss=-3.509098470211029
[2026-10-03 12:26:33] [INFO] Epoch 3: mean total loss=0.008519381750375032 | mean actor loss=-0.0008411950742204984 | mean critic loss=0.09360577911138535 | mean entropy loss=-3.508885065714518
[2026-10-03 12:26:33] [INFO] Epoch 4: mean total loss=0.0018088336801156402 | mean actor loss=-0.007714889710769057 | mean critic loss=0.0952372420579195 | mean entropy loss=-3.5047921240329742
[2026-10-03 12:26:36] [INFO] Epoch 1: mean total loss=0.014789044857025146 | mean actor loss=0.005999894812703133 | mean critic loss=0.08789149858057499 | mean entropy loss=-3.502808094024658
[2026-10-03 12:26:36] [INFO] Epoch 2: mean total loss=-0.013463757932186127 | mean actor loss=-0.023083104752004147 | mean critic loss=0.09619346167892218 | mean entropy loss=-3.483621060848236
[2026-10-03 12:26:36] [INFO] Epoch 3: mean total loss=-0.006791577984889348 | mean actor loss=-0.016063894455631573 | mean critic loss=0.0927231665700674 | mean entropy loss=-3.4945021073023477
[2026-10-03 12:26:37] [INFO] Epoch 4: mean total loss=-0.008635681122541428 | mean actor loss=-0.017633996903896332 | mean critic loss=0.08998316340148449 | mean entropy loss=-3.4926443099975586
[2026-10-03 12:26:39] [INFO] Epoch 1: mean total loss=-0.004505813121795654 | mean actor loss=-0.011108830571174622 | mean critic loss=0.06603019032627344 | mean entropy loss=-3.5536452531814575
[2026-10-03 12:26:39] [INFO] Epoch 2: mean total loss=0.00858396664261818 | mean actor loss=0.002117373049259186 | mean critic loss=0.06466595781967044 | mean entropy loss=-3.5621001720428467
[2026-10-03 12:26:40] [INFO] Epoch 3: mean total loss=0.0019432132442792256 | mean actor loss=-0.004428001741568248 | mean critic loss=0.06371217624594767 | mean entropy loss=-3.5581969817479453
[2026-10-03 12:26:40] [INFO] Epoch 4: mean total loss=-0.002173799090087414 | mean actor loss=-0.00838812068104744 | mean critic loss=0.06214323383755982 | mean entropy loss=-3.5553541481494904
[2026-10-03 12:26:43] [INFO] Epoch 1: mean total loss=0.05408910661935806 | mean actor loss=0.031782567501068115 | mean critic loss=0.22306537255644798 | mean entropy loss=-3.616619110107422
[2026-10-03 12:26:43] [INFO] Epoch 2: mean total loss=0.04037771560251713 | mean actor loss=0.01894153468310833 | mean critic loss=0.21436180360615253 | mean entropy loss=-3.6222099661827087
[2026-10-03 12:26:43] [INFO] Epoch 3: mean total loss=0.0341282623509566 | mean actor loss=0.013127358009417852 | mean critic loss=0.21000904962420464 | mean entropy loss=-3.624212940533956
[2026-10-03 12:26:44] [INFO] Epoch 4: mean total loss=0.016456901095807552 | mean actor loss=-0.003888624720275402 | mean critic loss=0.20345527585595846 | mean entropy loss=-3.6207221150398254
[2026-10-03 12:26:46] [INFO] Epoch 1: mean total loss=0.01411186158657074 | mean actor loss=0.007719331420958042 | mean critic loss=0.06392529793083668 | mean entropy loss=-3.505888342857361
[2026-10-03 12:26:46] [INFO] Epoch 2: mean total loss=0.008459657896310091 | mean actor loss=0.00233219051733613 | mean critic loss=0.061274672858417034 | mean entropy loss=-3.494002103805542
[2026-10-03 12:26:47] [INFO] Epoch 3: mean total loss=0.0012418624634544055 | mean actor loss=-0.005081373266875744 | mean critic loss=0.0632323557510972 | mean entropy loss=-3.4614783922831216
[2026-10-03 12:26:47] [INFO] Epoch 4: mean total loss=0.010878957575187087 | mean actor loss=0.004869373282417655 | mean critic loss=0.060095806838944554 | mean entropy loss=-3.463501811027527
[2026-10-03 12:26:50] [INFO] Epoch 1: mean total loss=0.0977015346288681 | mean actor loss=0.08094166219234467 | mean critic loss=0.16759874112904072 | mean entropy loss=-3.7859363555908203
[2026-10-03 12:26:50] [INFO] Epoch 2: mean total loss=0.07343408837914467 | mean actor loss=0.05800092965364456 | mean critic loss=0.15433162171393633 | mean entropy loss=-3.772089898586273
[2026-10-03 12:26:50] [INFO] Epoch 3: mean total loss=0.04658906037608782 | mean actor loss=0.032712921500205994 | mean critic loss=0.13876141918202242 | mean entropy loss=-3.751688241958618
[2026-10-03 12:26:51] [INFO] Epoch 4: mean total loss=0.03371396008878946 | mean actor loss=0.020488398149609566 | mean critic loss=0.1322556477971375 | mean entropy loss=-3.7435998618602753
[2026-10-03 12:26:52] [INFO] Epoch 1: mean total loss=-0.030457593500614166 | mean actor loss=-0.03387816250324249 | mean critic loss=0.03420565742999315 | mean entropy loss=-3.3477730751037598
[2026-10-03 12:26:52] [INFO] Epoch 2: mean total loss=-0.01765124360099435 | mean actor loss=-0.02080205176025629 | mean critic loss=0.03150806715711951 | mean entropy loss=-3.3529467582702637
[2026-10-03 12:26:53] [INFO] Epoch 3: mean total loss=-0.01853271604826053 | mean actor loss=-0.021595317249496777 | mean critic loss=0.03062599804252386 | mean entropy loss=-3.353672742843628
[2026-10-03 12:26:53] [INFO] Epoch 4: mean total loss=-0.019376845797523856 | mean actor loss=-0.02232999843545258 | mean critic loss=0.029531514272093773 | mean entropy loss=-3.3509830236434937
[2026-10-03 12:26:54] [INFO] Epoch 1: mean total loss=0.014603953808546066 | mean actor loss=0.0039648860692977905 | mean critic loss=0.10639066249132156 | mean entropy loss=-3.6297693252563477
[2026-10-03 12:26:55] [INFO] Epoch 2: mean total loss=0.009910818422213197 | mean actor loss=-0.0005345204845070839 | mean critic loss=0.10445338115096092 | mean entropy loss=-3.629735052585602
[2026-10-03 12:26:55] [INFO] Epoch 3: mean total loss=-0.020811897857735556 | mean actor loss=-0.03111084612707297 | mean critic loss=0.10298948486646016 | mean entropy loss=-3.6136542161305747
[2026-10-03 12:26:55] [INFO] Epoch 4: mean total loss=-0.02109864295925945 | mean actor loss=-0.03131931880488992 | mean critic loss=0.10220676381140947 | mean entropy loss=-3.6245225071907043
[2026-10-03 12:26:57] [INFO] Epoch 1: mean total loss=-0.013865411281585693 | mean actor loss=-0.019019652158021927 | mean critic loss=0.05154241435229778 | mean entropy loss=-3.5097434520721436
[2026-10-03 12:26:57] [INFO] Epoch 2: mean total loss=0.003976624459028244 | mean actor loss=-0.0012698005884885788 | mean critic loss=0.052464237436652184 | mean entropy loss=-3.509831130504608
[2026-10-03 12:26:57] [INFO] Epoch 3: mean total loss=0.003914860387643178 | mean actor loss=-0.0013518693546454112 | mean critic loss=0.052667301458617054 | mean entropy loss=-3.5045390129089355
[2026-10-03 12:26:58] [INFO] Epoch 4: mean total loss=0.0029685646295547485 | mean actor loss=-0.002189760096371174 | mean critic loss=0.05158325773663819 | mean entropy loss=-3.5081905722618103
[2026-10-03 12:26:59] [INFO] Epoch 1: mean total loss=0.110102079808712 | mean actor loss=0.06594989821314812 | mean critic loss=0.4415217638015747 | mean entropy loss=-3.7430222034454346
[2026-10-03 12:26:59] [INFO] Epoch 2: mean total loss=0.08992234151810408 | mean actor loss=0.04866645485162735 | mean critic loss=0.41255882382392883 | mean entropy loss=-3.7522910237312317
[2026-10-03 12:27:00] [INFO] Epoch 3: mean total loss=0.08185245282948017 | mean actor loss=0.0436508742471536 | mean critic loss=0.38201574484507245 | mean entropy loss=-3.7595316569010415
[2026-10-03 12:27:00] [INFO] Epoch 4: mean total loss=0.06428351672366261 | mean actor loss=0.02962242579087615 | mean critic loss=0.34661087952554226 | mean entropy loss=-3.748170018196106
[2026-10-03 12:27:01] [INFO] Epoch 1: mean total loss=-0.08110449463129044 | mean actor loss=-0.08850380033254623 | mean critic loss=0.07399314455688 | mean entropy loss=-3.420944929122925
[2026-10-03 12:27:02] [INFO] Epoch 2: mean total loss=-0.04258755687624216 | mean actor loss=-0.049412007443606853 | mean critic loss=0.06824454758316278 | mean entropy loss=-3.470203995704651
[2026-10-03 12:27:02] [INFO] Epoch 3: mean total loss=-0.042556765799721084 | mean actor loss=-0.04889370687305927 | mean critic loss=0.06336943929394086 | mean entropy loss=-3.479145328203837
[2026-10-03 12:27:02] [INFO] Epoch 4: mean total loss=-0.02898728149011731 | mean actor loss=-0.03535522846505046 | mean critic loss=0.06367948465049267 | mean entropy loss=-3.495192438364029
[2026-10-03 12:27:04] [INFO] Epoch 1: mean total loss=0.016045626252889633 | mean actor loss=-0.003653552383184433 | mean critic loss=0.19699178636074066 | mean entropy loss=-3.662038803100586
[2026-10-03 12:27:04] [INFO] Epoch 2: mean total loss=0.03594107739627361 | mean actor loss=0.015774952247738838 | mean critic loss=0.20166125148534775 | mean entropy loss=-3.6551157236099243
[2026-10-03 12:27:04] [INFO] Epoch 3: mean total loss=0.017739823708931606 | mean actor loss=-0.001788560301065445 | mean critic loss=0.19528386493523917 | mean entropy loss=-3.6582502921422324
[2026-10-03 12:27:04] [INFO] Epoch 4: mean total loss=0.013846647460013628 | mean actor loss=-0.005018025927711278 | mean critic loss=0.18864675052464008 | mean entropy loss=-3.658918619155884
[2026-10-03 12:27:06] [INFO] Epoch 1: mean total loss=-0.009134685155004263 | mean actor loss=-0.014611413702368736 | mean critic loss=0.05476728267967701 | mean entropy loss=-3.4578813314437866
[2026-10-03 12:27:06] [INFO] Epoch 2: mean total loss=-0.0077772962395101786 | mean actor loss=-0.012495156843215227 | mean critic loss=0.0471786018460989 | mean entropy loss=-3.4986632466316223
[2026-10-03 12:27:06] [INFO] Epoch 3: mean total loss=0.013792494777590036 | mean actor loss=0.009500945297380289 | mean critic loss=0.042915478348731995 | mean entropy loss=-3.5373111168543496
[2026-10-03 12:27:07] [INFO] Epoch 4: mean total loss=-0.0014642049791291356 | mean actor loss=-0.005508324364200234 | mean critic loss=0.04044117592275143 | mean entropy loss=-3.5463414788246155
[2026-10-03 12:27:08] [INFO] Epoch 1: mean total loss=0.00765363872051239 | mean actor loss=-0.013104476034641266 | mean critic loss=0.20758108794689178 | mean entropy loss=-3.6054188013076782
[2026-10-03 12:27:09] [INFO] Epoch 2: mean total loss=0.007697470486164093 | mean actor loss=-0.012747664004564285 | mean critic loss=0.20445134304463863 | mean entropy loss=-3.6128110885620117
[2026-10-03 12:27:09] [INFO] Epoch 3: mean total loss=-0.00010598326722780864 | mean actor loss=-0.019092803200085957 | mean critic loss=0.18986819622417292 | mean entropy loss=-3.588032523790995
[2026-10-03 12:27:09] [INFO] Epoch 4: mean total loss=-0.022998898290097713 | mean actor loss=-0.04156442917883396 | mean critic loss=0.1856552897952497 | mean entropy loss=-3.560089558362961
[2026-10-03 12:27:11] [INFO] Epoch 1: mean total loss=-0.011250302195549011 | mean actor loss=-0.021505311131477356 | mean critic loss=0.10255008563399315 | mean entropy loss=-3.4187406301498413
[2026-10-03 12:27:11] [INFO] Epoch 2: mean total loss=-0.021947771310806274 | mean actor loss=-0.03153058513998985 | mean critic loss=0.09582814387977123 | mean entropy loss=-3.426195740699768
[2026-10-03 12:27:11] [INFO] Epoch 3: mean total loss=-0.008412790795167288 | mean actor loss=-0.017754117647806805 | mean critic loss=0.09341327225168546 | mean entropy loss=-3.426460862159729
[2026-10-03 12:27:11] [INFO] Epoch 4: mean total loss=-0.010879763402044773 | mean actor loss=-0.020342364441603422 | mean critic loss=0.09462601039558649 | mean entropy loss=-3.429701328277588
[2026-10-03 12:27:13] [INFO] Epoch 1: mean total loss=0.01645360910333693 | mean actor loss=-0.000110943761683302 | mean critic loss=0.16564552299678326 | mean entropy loss=-3.4209614992141724
[2026-10-03 12:27:13] [INFO] Epoch 2: mean total loss=0.015227431547828019 | mean actor loss=-0.0009933253550116206 | mean critic loss=0.1622075610794127 | mean entropy loss=-3.4259891510009766
[2026-10-03 12:27:13] [INFO] Epoch 3: mean total loss=0.0014265093486756086 | mean actor loss=-0.01436019377069897 | mean critic loss=0.15786702589442334 | mean entropy loss=-3.4230257670084634
[2026-10-03 12:27:14] [INFO] Epoch 4: mean total loss=-0.000599205435719341 | mean actor loss=-0.015907532059827645 | mean critic loss=0.15308325993828475 | mean entropy loss=-3.4222810864448547
[2026-10-03 12:27:15] [INFO] Epoch 1: mean total loss=0.0010346174240112305 | mean actor loss=-0.002656683325767517 | mean critic loss=0.03691297955811024 | mean entropy loss=-3.818932294845581
[2026-10-03 12:27:15] [INFO] Epoch 2: mean total loss=0.010478459298610687 | mean actor loss=0.006470009684562683 | mean critic loss=0.040084472857415676 | mean entropy loss=-3.8209351897239685
[2026-10-03 12:27:16] [INFO] Epoch 3: mean total loss=-0.01651620864868164 | mean actor loss=-0.020582040150960285 | mean critic loss=0.04065831688543161 | mean entropy loss=-3.809954563776652
[2026-10-03 12:27:16] [INFO] Epoch 4: mean total loss=-0.016109338030219078 | mean actor loss=-0.0199349382892251 | mean critic loss=0.038256007013842463 | mean entropy loss=-3.8137967586517334
[2026-10-03 12:27:17] [INFO] Epoch 1: mean total loss=-0.08347025513648987 | mean actor loss=-0.09605692327022552 | mean critic loss=0.12586659379303455 | mean entropy loss=-3.4295308589935303
[2026-10-03 12:27:18] [INFO] Epoch 2: mean total loss=-0.04049751162528992 | mean actor loss=-0.05167707800865173 | mean critic loss=0.11179564613848925 | mean entropy loss=-3.4107136726379395
[2026-10-03 12:27:18] [INFO] Epoch 3: mean total loss=-0.029650238032142322 | mean actor loss=-0.03980129584670067 | mean critic loss=0.10151057007412116 | mean entropy loss=-3.4068038066228232
[2026-10-03 12:27:18] [INFO] Epoch 4: mean total loss=-0.03426319872960448 | mean actor loss=-0.04364038351923227 | mean critic loss=0.09377183765172958 | mean entropy loss=-3.3916666507720947
[2026-10-03 12:27:20] [INFO] Epoch 1: mean total loss=-0.02549874037504196 | mean actor loss=-0.033024173229932785 | mean critic loss=0.07525430992245674 | mean entropy loss=-3.857735514640808
[2026-10-03 12:27:20] [INFO] Epoch 2: mean total loss=-0.003479866310954094 | mean actor loss=-0.010360155254602432 | mean critic loss=0.06880288664251566 | mean entropy loss=-3.9007981419563293
[2026-10-03 12:27:20] [INFO] Epoch 3: mean total loss=-0.005601666867733002 | mean actor loss=-0.01161725384493669 | mean critic loss=0.06015586790939172 | mean entropy loss=-3.9391600688298545
[2026-10-03 12:27:20] [INFO] Epoch 4: mean total loss=0.0021112244576215744 | mean actor loss=-0.00350646348670125 | mean critic loss=0.05617687338963151 | mean entropy loss=-3.9577899873256683
[2026-10-03 12:27:22] [INFO] Epoch 1: mean total loss=0.05036424100399017 | mean actor loss=0.03742724657058716 | mean critic loss=0.12936998903751373 | mean entropy loss=-3.4964743852615356
[2026-10-03 12:27:22] [INFO] Epoch 2: mean total loss=0.03747203201055527 | mean actor loss=0.024715326726436615 | mean critic loss=0.12756709940731525 | mean entropy loss=-3.4938541054725647
[2026-10-03 12:27:22] [INFO] Epoch 3: mean total loss=0.04517796883980433 | mean actor loss=0.03283623854319254 | mean critic loss=0.12341731165846188 | mean entropy loss=-3.483495275179545
[2026-10-03 12:27:23] [INFO] Epoch 4: mean total loss=0.030377364717423916 | mean actor loss=0.018371202750131488 | mean critic loss=0.12006162572652102 | mean entropy loss=-3.4833279252052307
[2026-10-03 12:27:24] [INFO] Epoch 1: mean total loss=-0.08999292552471161 | mean actor loss=-0.10491744428873062 | mean critic loss=0.14924520999193192 | mean entropy loss=-3.7066253423690796
[2026-10-03 12:27:24] [INFO] Epoch 2: mean total loss=-0.03026133030653 | mean actor loss=-0.04537688568234444 | mean critic loss=0.1511555928736925 | mean entropy loss=-3.6990633606910706
[2026-10-03 12:27:24] [INFO] Epoch 3: mean total loss=-0.018805625693251688 | mean actor loss=-0.03509160104052474 | mean critic loss=0.16285978009303412 | mean entropy loss=-3.7075902620951333
[2026-10-03 12:27:25] [INFO] Epoch 4: mean total loss=-0.028830655035562813 | mean actor loss=-0.04798939105239697 | mean critic loss=0.19158737966790795 | mean entropy loss=-3.672878712415695
[2026-10-03 12:27:26] [INFO] Epoch 1: mean total loss=0.018528452143073082 | mean actor loss=0.01277550682425499 | mean critic loss=0.05752943456172943 | mean entropy loss=-3.4305453300476074
[2026-10-03 12:27:26] [INFO] Epoch 2: mean total loss=0.012440885417163372 | mean actor loss=0.007118698209524155 | mean critic loss=0.05322186090052128 | mean entropy loss=-3.4505473375320435
[2026-10-03 12:27:27] [INFO] Epoch 3: mean total loss=-0.0028890849401553473 | mean actor loss=-0.008030720055103302 | mean critic loss=0.0514163418362538 | mean entropy loss=-3.458324154218038
[2026-10-03 12:27:27] [INFO] Epoch 4: mean total loss=-0.0049522859044373035 | mean actor loss=-0.010170763824135065 | mean critic loss=0.052184777334332466 | mean entropy loss=-3.4596857130527496
[2026-10-03 12:27:28] [INFO] Epoch 1: mean total loss=-0.1939574033021927 | mean actor loss=-0.2040291428565979 | mean critic loss=0.10071732848882675 | mean entropy loss=-3.146248936653137
[2026-10-03 12:27:29] [INFO] Epoch 2: mean total loss=-0.12109564244747162 | mean actor loss=-0.1300928257405758 | mean critic loss=0.08997180871665478 | mean entropy loss=-3.205232858657837
[2026-10-03 12:27:29] [INFO] Epoch 3: mean total loss=-0.08160857398373385 | mean actor loss=-0.08994934203413625 | mean critic loss=0.08340766405065854 | mean entropy loss=-3.225235899289449
[2026-10-03 12:27:29] [INFO] Epoch 4: mean total loss=-0.07075165613787249 | mean actor loss=-0.07844628201564774 | mean critic loss=0.07694625062867999 | mean entropy loss=-3.242265075445175
[2026-10-03 12:27:31] [INFO] Epoch 1: mean total loss=0.024253740906715393 | mean actor loss=0.01911342144012451 | mean critic loss=0.05140313133597374 | mean entropy loss=-3.621241807937622
[2026-10-03 12:27:31] [INFO] Epoch 2: mean total loss=0.01299151498824358 | mean actor loss=0.007906260900199413 | mean critic loss=0.05085251107811928 | mean entropy loss=-3.622855007648468
[2026-10-03 12:27:31] [INFO] Epoch 3: mean total loss=0.008679427827397982 | mean actor loss=0.0037047831962505975 | mean critic loss=0.049746389500796795 | mean entropy loss=-3.6244219541549683
[2026-10-03 12:27:32] [INFO] Epoch 4: mean total loss=0.005198086146265268 | mean actor loss=0.00032522669062018394 | mean critic loss=0.048728539142757654 | mean entropy loss=-3.6254352629184723
[2026-10-03 12:27:33] [INFO] Epoch 1: mean total loss=-0.01061733067035675 | mean actor loss=-0.020044133067131042 | mean critic loss=0.0942680686712265 | mean entropy loss=-3.7381021976470947
[2026-10-03 12:27:33] [INFO] Epoch 2: mean total loss=0.005080841481685638 | mean actor loss=-0.004356116056442261 | mean critic loss=0.09436958376318216 | mean entropy loss=-3.7345643043518066
[2026-10-03 12:27:34] [INFO] Epoch 3: mean total loss=-0.019455472628275555 | mean actor loss=-0.028636353711287182 | mean critic loss=0.09180879779160023 | mean entropy loss=-3.723909576733907
[2026-10-03 12:27:34] [INFO] Epoch 4: mean total loss=-0.02060103416442871 | mean actor loss=-0.029556559398770332 | mean critic loss=0.0895552420988679 | mean entropy loss=-3.728553354740143
[2026-10-03 12:27:35] [INFO] Epoch 1: mean total loss=0.018581300973892212 | mean actor loss=0.013322416692972183 | mean critic loss=0.05258886516094208 | mean entropy loss=-3.522448182106018
[2026-10-03 12:27:36] [INFO] Epoch 2: mean total loss=0.08399177342653275 | mean actor loss=0.07890951074659824 | mean critic loss=0.05082267336547375 | mean entropy loss=-3.5318264961242676
[2026-10-03 12:27:36] [INFO] Epoch 3: mean total loss=0.059067594508330025 | mean actor loss=0.054061478624741234 | mean critic loss=0.05006119174261888 | mean entropy loss=-3.538298805554708
[2026-10-03 12:27:36] [INFO] Epoch 4: mean total loss=0.042158862575888634 | mean actor loss=0.03726916015148163 | mean critic loss=0.048897058703005314 | mean entropy loss=-3.5389052629470825
[2026-10-03 12:27:38] [INFO] Epoch 1: mean total loss=-0.04207877814769745 | mean actor loss=-0.057259708642959595 | mean critic loss=0.15180932357907295 | mean entropy loss=-3.4621005058288574
[2026-10-03 12:27:38] [INFO] Epoch 2: mean total loss=-0.04058270528912544 | mean actor loss=-0.055961791425943375 | mean critic loss=0.15379090420901775 | mean entropy loss=-3.479440152645111
[2026-10-03 12:27:39] [INFO] Epoch 3: mean total loss=-0.04290261367956797 | mean actor loss=-0.05819957454999288 | mean critic loss=0.15296964719891548 | mean entropy loss=-3.484270532925924
[2026-10-03 12:27:39] [INFO] Epoch 4: mean total loss=-0.033666126197203994 | mean actor loss=-0.04870915727224201 | mean critic loss=0.1504303403198719 | mean entropy loss=-3.487885594367981
[2026-10-03 12:27:43] [INFO] Epoch 1: mean total loss=0.05222219228744507 | mean actor loss=0.029457271099090576 | mean critic loss=0.22764918953180313 | mean entropy loss=-3.8248090744018555
[2026-10-03 12:27:43] [INFO] Epoch 2: mean total loss=0.04505839943885803 | mean actor loss=0.021601475775241852 | mean critic loss=0.2345692180097103 | mean entropy loss=-3.8261378407478333
[2026-10-03 12:27:43] [INFO] Epoch 3: mean total loss=0.0368367408712705 | mean actor loss=0.01288781501352787 | mean critic loss=0.2394892486433188 | mean entropy loss=-3.8314768075942993
[2026-10-03 12:27:44] [INFO] Epoch 4: mean total loss=-0.015381558798253536 | mean actor loss=-0.0393292554654181 | mean critic loss=0.2394769499078393 | mean entropy loss=-3.7686030566692352
[2026-10-03 12:27:45] [INFO] Epoch 1: mean total loss=0.03719017282128334 | mean actor loss=0.03014814481139183 | mean critic loss=0.0704202763736248 | mean entropy loss=-3.642374873161316
[2026-10-03 12:27:45] [INFO] Epoch 2: mean total loss=0.027661895379424095 | mean actor loss=0.02140169031918049 | mean critic loss=0.06260204501450062 | mean entropy loss=-3.658063054084778
[2026-10-03 12:27:46] [INFO] Epoch 3: mean total loss=0.05009204521775246 | mean actor loss=0.04429350917538007 | mean critic loss=0.057985362907250725 | mean entropy loss=-3.6541715463002524
[2026-10-03 12:27:46] [INFO] Epoch 4: mean total loss=0.05867603328078985 | mean actor loss=0.05315450672060251 | mean critic loss=0.055215269327163696 | mean entropy loss=-3.651169240474701
[2026-10-03 12:27:47] [INFO] Epoch 1: mean total loss=-0.057908907532691956 | mean actor loss=-0.07500635087490082 | mean critic loss=0.17097442597150803 | mean entropy loss=-3.713032841682434
[2026-10-03 12:27:48] [INFO] Epoch 2: mean total loss=-0.014707781374454498 | mean actor loss=-0.030788026750087738 | mean critic loss=0.16080245189368725 | mean entropy loss=-3.748815953731537
[2026-10-03 12:27:48] [INFO] Epoch 3: mean total loss=-0.04074874768654505 | mean actor loss=-0.057205893099308014 | mean critic loss=0.16457146281997362 | mean entropy loss=-3.7390326261520386
[2026-10-03 12:27:48] [INFO] Epoch 4: mean total loss=-0.0362543435767293 | mean actor loss=-0.05129890516400337 | mean critic loss=0.15044561913236976 | mean entropy loss=-3.7340954542160034
[2026-10-03 12:27:50] [INFO] Epoch 1: mean total loss=-0.0009865127503871918 | mean actor loss=-0.006680844351649284 | mean critic loss=0.05694331228733063 | mean entropy loss=-3.6501623392105103
[2026-10-03 12:27:50] [INFO] Epoch 2: mean total loss=-0.0004354603588581085 | mean actor loss=-0.005535426549613476 | mean critic loss=0.050999646075069904 | mean entropy loss=-3.648797571659088
[2026-10-03 12:27:50] [INFO] Epoch 3: mean total loss=-0.023024744043747585 | mean actor loss=-0.02819780446588993 | mean critic loss=0.051730593045552574 | mean entropy loss=-3.6164568662643433
[2026-10-03 12:27:51] [INFO] Epoch 4: mean total loss=-0.020119565073400736 | mean actor loss=-0.02523995330557227 | mean critic loss=0.05120387068018317 | mean entropy loss=-3.6246809363365173
[2026-10-03 12:27:52] [INFO] Epoch 1: mean total loss=-0.20624782890081406 | mean actor loss=-0.22216465324163437 | mean critic loss=0.15916835702955723 | mean entropy loss=-3.6721404790878296
[2026-10-03 12:27:52] [INFO] Epoch 2: mean total loss=-0.08705491758883 | mean actor loss=-0.09998941607773304 | mean critic loss=0.12934502866119146 | mean entropy loss=-3.7018145322799683
[2026-10-03 12:27:53] [INFO] Epoch 3: mean total loss=-0.0666175050040086 | mean actor loss=-0.07855653886993726 | mean critic loss=0.11939038708806038 | mean entropy loss=-3.692406972249349
[2026-10-03 12:27:53] [INFO] Epoch 4: mean total loss=-0.05623235274106264 | mean actor loss=-0.06721997354179621 | mean critic loss=0.10987626714631915 | mean entropy loss=-3.6892638206481934
[2026-10-03 12:27:54] [INFO] Epoch 1: mean total loss=0.008049627766013145 | mean actor loss=0.0011727213859558105 | mean critic loss=0.06876907497644424 | mean entropy loss=-3.6326990127563477
[2026-10-03 12:27:55] [INFO] Epoch 2: mean total loss=-0.002745739184319973 | mean actor loss=-0.009709073230624199 | mean critic loss=0.06963333487510681 | mean entropy loss=-3.621154487133026
[2026-10-03 12:27:55] [INFO] Epoch 3: mean total loss=0.010189355040589968 | mean actor loss=0.003895629197359085 | mean critic loss=0.06293725688010454 | mean entropy loss=-3.6713643074035645
[2026-10-03 12:27:55] [INFO] Epoch 4: mean total loss=0.007009231019765139 | mean actor loss=0.0009731380268931389 | mean critic loss=0.06036095158196986 | mean entropy loss=-3.657811403274536
[2026-10-03 12:27:57] [INFO] Epoch 1: mean total loss=0.018309995532035828 | mean actor loss=0.01061423122882843 | mean critic loss=0.07695761695504189 | mean entropy loss=-3.3809415102005005
[2026-10-03 12:27:57] [INFO] Epoch 2: mean total loss=-0.05230464041233063 | mean actor loss=-0.059750668704509735 | mean critic loss=0.07446032762527466 | mean entropy loss=-3.37296324968338
[2026-10-03 12:27:57] [INFO] Epoch 3: mean total loss=-0.03480173647403717 | mean actor loss=-0.04225284047424793 | mean critic loss=0.07451106918354829 | mean entropy loss=-3.377359668413798
[2026-10-03 12:27:58] [INFO] Epoch 4: mean total loss=-0.05997033044695854 | mean actor loss=-0.06723583629354835 | mean critic loss=0.07265509478747845 | mean entropy loss=-3.374342679977417
[2026-10-03 12:27:59] [INFO] Epoch 1: mean total loss=0.009790126234292984 | mean actor loss=-0.007099593058228493 | mean critic loss=0.16889721155166626 | mean entropy loss=-3.702646493911743
[2026-10-03 12:27:59] [INFO] Epoch 2: mean total loss=-0.024673642590641975 | mean actor loss=-0.04206723812967539 | mean critic loss=0.17393594421446323 | mean entropy loss=-3.7208167910575867
[2026-10-03 12:28:00] [INFO] Epoch 3: mean total loss=-0.04005756104985873 | mean actor loss=-0.05670469316343466 | mean critic loss=0.16647130871812502 | mean entropy loss=-3.7272942860921225
[2026-10-03 12:28:00] [INFO] Epoch 4: mean total loss=-0.03853737097233534 | mean actor loss=-0.05435987422242761 | mean critic loss=0.15822501759976149 | mean entropy loss=-3.717787504196167
[2026-10-03 12:28:01] [INFO] Epoch 1: mean total loss=0.026221126317977905 | mean actor loss=0.0021532177925109863 | mean critic loss=0.2406790927052498 | mean entropy loss=-3.6750457286834717
[2026-10-03 12:28:02] [INFO] Epoch 2: mean total loss=0.023303668946027756 | mean actor loss=-0.0003571361303329468 | mean critic loss=0.23660803586244583 | mean entropy loss=-3.67399662733078
[2026-10-03 12:28:02] [INFO] Epoch 3: mean total loss=0.029183775186538696 | mean actor loss=0.005621214707692464 | mean critic loss=0.23562558367848396 | mean entropy loss=-3.6812028090159097
[2026-10-03 12:28:02] [INFO] Epoch 4: mean total loss=0.024932580068707466 | mean actor loss=0.0018073096871376038 | mean critic loss=0.2312526823952794 | mean entropy loss=-3.6786442399024963
[2026-10-03 12:28:04] [INFO] Epoch 1: mean total loss=0.03066832385957241 | mean actor loss=0.0031205937266349792 | mean critic loss=0.2754773236811161 | mean entropy loss=-3.889952301979065
[2026-10-03 12:28:04] [INFO] Epoch 2: mean total loss=0.002749375067651272 | mean actor loss=-0.020116878673434258 | mean critic loss=0.22866255603730679 | mean entropy loss=-3.8784859776496887
[2026-10-03 12:28:04] [INFO] Epoch 3: mean total loss=-0.0008502410103877386 | mean actor loss=-0.021760760496060055 | mean critic loss=0.2091052010655403 | mean entropy loss=-3.879773418108622
[2026-10-03 12:28:04] [INFO] Epoch 4: mean total loss=-0.008799102623015642 | mean actor loss=-0.02787692379206419 | mean critic loss=0.19077820610255003 | mean entropy loss=-3.878227859735489
[2026-10-03 12:28:06] [INFO] Epoch 1: mean total loss=0.01649314910173416 | mean actor loss=-0.004639536142349243 | mean critic loss=0.21132683753967285 | mean entropy loss=-3.633450984954834
[2026-10-03 12:28:06] [INFO] Epoch 2: mean total loss=0.015259850304573774 | mean actor loss=-0.0052335894433781505 | mean critic loss=0.20493438839912415 | mean entropy loss=-3.5947577357292175
[2026-10-03 12:28:06] [INFO] Epoch 3: mean total loss=0.030192178674042225 | mean actor loss=0.011118713843946656 | mean critic loss=0.19073465714852014 | mean entropy loss=-3.570727507273356
[2026-10-03 12:28:06] [INFO] Epoch 4: mean total loss=0.021426059072837234 | mean actor loss=0.0027531060040928423 | mean critic loss=0.18672953359782696 | mean entropy loss=-3.599331647157669
[2026-10-03 12:28:08] [INFO] Epoch 1: mean total loss=-0.0007103569805622101 | mean actor loss=-0.014245443046092987 | mean critic loss=0.1353508774191141 | mean entropy loss=-3.8756297826766968
[2026-10-03 12:28:08] [INFO] Epoch 2: mean total loss=-0.0026319725438952446 | mean actor loss=-0.015296579338610172 | mean critic loss=0.1266460781916976 | mean entropy loss=-3.8212470412254333
[2026-10-03 12:28:08] [INFO] Epoch 3: mean total loss=-0.0015141939123471577 | mean actor loss=-0.01331289578229189 | mean critic loss=0.11798702366650105 | mean entropy loss=-3.8343921502431235
[2026-10-03 12:28:09] [INFO] Epoch 4: mean total loss=-0.002217179397121072 | mean actor loss=-0.013606830034404993 | mean critic loss=0.11389650916680694 | mean entropy loss=-3.842652440071106
[2026-10-03 12:28:10] [INFO] Epoch 1: mean total loss=0.027929872274398804 | mean actor loss=0.019510522484779358 | mean critic loss=0.08419355191290379 | mean entropy loss=-3.761650800704956
[2026-10-03 12:28:10] [INFO] Epoch 2: mean total loss=-0.03837312012910843 | mean actor loss=-0.04692322388291359 | mean critic loss=0.08550104778259993 | mean entropy loss=-3.7302041053771973
[2026-10-03 12:28:11] [INFO] Epoch 3: mean total loss=-0.028961236278216045 | mean actor loss=-0.037601095934708915 | mean critic loss=0.08639857607583205 | mean entropy loss=-3.736696640650431
[2026-10-03 12:28:11] [INFO] Epoch 4: mean total loss=-0.024467457085847855 | mean actor loss=-0.03295157942920923 | mean critic loss=0.08484120713546872 | mean entropy loss=-3.7427609860897064
[2026-10-03 12:28:12] [INFO] Epoch 1: mean total loss=0.012923464179039001 | mean actor loss=0.0053237974643707275 | mean critic loss=0.07599661499261856 | mean entropy loss=-3.5453027486801147
[2026-10-03 12:28:13] [INFO] Epoch 2: mean total loss=0.00047655217349529266 | mean actor loss=-0.006594173610210419 | mean critic loss=0.070707225240767 | mean entropy loss=-3.5373570919036865
[2026-10-03 12:28:13] [INFO] Epoch 3: mean total loss=0.00010015939672787984 | mean actor loss=-0.006826865176359813 | mean critic loss=0.06927021220326424 | mean entropy loss=-3.540663162867228
[2026-10-03 12:28:13] [INFO] Epoch 4: mean total loss=-0.003095919732004404 | mean actor loss=-0.009767786599695683 | mean critic loss=0.06671864818781614 | mean entropy loss=-3.542323023080826
[2026-10-03 12:28:14] [INFO] Epoch 1: mean total loss=0.05477943643927574 | mean actor loss=0.04361073672771454 | mean critic loss=0.11168703436851501 | mean entropy loss=-3.622615933418274
[2026-10-03 12:28:15] [INFO] Epoch 2: mean total loss=0.010181913152337074 | mean actor loss=-9.6859410405159e-05 | mean critic loss=0.10278774425387383 | mean entropy loss=-3.670836925506592
[2026-10-03 12:28:15] [INFO] Epoch 3: mean total loss=0.0011920904119809468 | mean actor loss=-0.008295120050509771 | mean critic loss=0.09487211549033721 | mean entropy loss=-3.643317461013794
[2026-10-03 12:28:15] [INFO] Epoch 4: mean total loss=0.002175740897655487 | mean actor loss=-0.006764533929526806 | mean critic loss=0.08940275455825031 | mean entropy loss=-3.6481078267097473
[2026-10-03 12:28:17] [INFO] Epoch 1: mean total loss=-0.029754746705293655 | mean actor loss=-0.034030765295028687 | mean critic loss=0.04276017099618912 | mean entropy loss=-3.535473108291626
[2026-10-03 12:28:17] [INFO] Epoch 2: mean total loss=0.009777067229151726 | mean actor loss=0.005491781979799271 | mean critic loss=0.042852808721363544 | mean entropy loss=-3.6106659173965454
[2026-10-03 12:28:17] [INFO] Epoch 3: mean total loss=0.015554084132115046 | mean actor loss=0.011293120682239532 | mean critic loss=0.04260961152613163 | mean entropy loss=-3.6280242999394736
[2026-10-03 12:28:18] [INFO] Epoch 4: mean total loss=-0.023341299034655094 | mean actor loss=-0.02773876115679741 | mean critic loss=0.04397456021979451 | mean entropy loss=-3.644727349281311
[2026-10-03 12:28:19] [INFO] Epoch 1: mean total loss=-0.12397797405719757 | mean actor loss=-0.1350821629166603 | mean critic loss=0.1110419575124979 | mean entropy loss=-3.5340265035629272
[2026-10-03 12:28:19] [INFO] Epoch 2: mean total loss=-0.1760469600558281 | mean actor loss=-0.18721261993050575 | mean critic loss=0.11165667418390512 | mean entropy loss=-3.4980961680412292
[2026-10-03 12:28:20] [INFO] Epoch 3: mean total loss=-0.13726803412040076 | mean actor loss=-0.14785315096378326 | mean critic loss=0.10585119140644868 | mean entropy loss=-3.4823341369628906
[2026-10-03 12:28:20] [INFO] Epoch 4: mean total loss=-0.10531971894670278 | mean actor loss=-0.11509444555849768 | mean critic loss=0.09774728259071708 | mean entropy loss=-3.47738054394722
[2026-10-03 12:28:21] [INFO] Epoch 1: mean total loss=0.006807507947087288 | mean actor loss=-0.001794617623090744 | mean critic loss=0.08602126687765121 | mean entropy loss=-3.4152586460113525
[2026-10-03 12:28:22] [INFO] Epoch 2: mean total loss=0.003933691419661045 | mean actor loss=-0.004387339577078819 | mean critic loss=0.08321032021194696 | mean entropy loss=-3.4180358052253723
[2026-10-03 12:28:22] [INFO] Epoch 3: mean total loss=-0.0016299374401569366 | mean actor loss=-0.009391747415065765 | mean critic loss=0.07761811340848605 | mean entropy loss=-3.4165233771006265
[2026-10-03 12:28:22] [INFO] Epoch 4: mean total loss=-0.06663630250841379 | mean actor loss=-0.07442870549857616 | mean critic loss=0.07792406994849443 | mean entropy loss=-3.3704132437705994
[2026-10-03 12:28:24] [INFO] Epoch 1: mean total loss=0.05273102968931198 | mean actor loss=0.0426178053021431 | mean critic loss=0.10113228484988213 | mean entropy loss=-3.4799259901046753
[2026-10-03 12:28:24] [INFO] Epoch 2: mean total loss=0.02297574281692505 | mean actor loss=0.012897554319351912 | mean critic loss=0.10078190825879574 | mean entropy loss=-3.438348174095154
[2026-10-03 12:28:24] [INFO] Epoch 3: mean total loss=0.02637715886036555 | mean actor loss=0.01636002181718747 | mean critic loss=0.10017139588793118 | mean entropy loss=-3.453449090321859
[2026-10-03 12:28:24] [INFO] Epoch 4: mean total loss=0.02222222089767456 | mean actor loss=0.012506390688940883 | mean critic loss=0.09715832304209471 | mean entropy loss=-3.4620243310928345
[2026-10-03 12:28:26] [INFO] Epoch 1: mean total loss=-0.015432547777891159 | mean actor loss=-0.01822955161333084 | mean critic loss=0.027970045804977417 | mean entropy loss=-3.5553736686706543
[2026-10-03 12:28:26] [INFO] Epoch 2: mean total loss=0.008980600163340569 | mean actor loss=0.006202682852745056 | mean critic loss=0.027779170777648687 | mean entropy loss=-3.520732045173645
[2026-10-03 12:28:26] [INFO] Epoch 3: mean total loss=0.03378124659260114 | mean actor loss=0.031011931598186493 | mean critic loss=0.02769313131769498 | mean entropy loss=-3.5095107158025107
[2026-10-03 12:28:27] [INFO] Epoch 4: mean total loss=0.021428482490591705 | mean actor loss=0.018696604296565056 | mean critic loss=0.027318768436089158 | mean entropy loss=-3.5167333483695984
[2026-10-03 12:28:28] [INFO] Epoch 1: mean total loss=0.026623893529176712 | mean actor loss=-0.009746864438056946 | mean critic loss=0.3637075573205948 | mean entropy loss=-3.802517890930176
[2026-10-03 12:28:28] [INFO] Epoch 2: mean total loss=0.0460253469645977 | mean actor loss=0.003956090658903122 | mean critic loss=0.42069255374372005 | mean entropy loss=-3.7888896465301514
[2026-10-03 12:28:29] [INFO] Epoch 3: mean total loss=0.03668573250373205 | mean actor loss=-0.002849108229080836 | mean critic loss=0.3953483924269676 | mean entropy loss=-3.791021704673767
[2026-10-03 12:28:29] [INFO] Epoch 4: mean total loss=0.12636921927332878 | mean actor loss=0.07616653013974428 | mean critic loss=0.5020268755033612 | mean entropy loss=-3.7816350758075714
[2026-10-03 12:28:30] [INFO] Epoch 1: mean total loss=0.045946985483169556 | mean actor loss=0.035063423216342926 | mean critic loss=0.1088356301188469 | mean entropy loss=-3.403839349746704
[2026-10-03 12:28:31] [INFO] Epoch 2: mean total loss=-0.04686401039361954 | mean actor loss=-0.057300906628370285 | mean critic loss=0.10436899214982986 | mean entropy loss=-3.3839539885520935
[2026-10-03 12:28:31] [INFO] Epoch 3: mean total loss=-0.02922237167755763 | mean actor loss=-0.03947540372610092 | mean critic loss=0.10253035587569077 | mean entropy loss=-3.3837943871816
[2026-10-03 12:28:31] [INFO] Epoch 4: mean total loss=-0.02973057795315981 | mean actor loss=-0.03949527628719807 | mean critic loss=0.09764701034873724 | mean entropy loss=-3.3742358088493347
[2026-10-03 12:28:32] [INFO] Epoch 1: mean total loss=-0.021897800266742706 | mean actor loss=-0.027427636086940765 | mean critic loss=0.05529840849339962 | mean entropy loss=-3.34601092338562
[2026-10-03 12:28:32] [INFO] Epoch 2: mean total loss=-0.015455584973096848 | mean actor loss=-0.020948823541402817 | mean critic loss=0.05493242386728525 | mean entropy loss=-3.345410943031311
[2026-10-03 12:28:33] [INFO] Epoch 3: mean total loss=-0.022006958723068237 | mean actor loss=-0.027248616019884746 | mean critic loss=0.05241659904519717 | mean entropy loss=-3.344350973765055
[2026-10-03 12:28:33] [INFO] Epoch 4: mean total loss=-0.020642567542381585 | mean actor loss=-0.025435781804844737 | mean critic loss=0.04793216264806688 | mean entropy loss=-3.354311615228653
[2026-10-03 12:28:34] [INFO] Epoch 1: mean total loss=-0.22992058843374252 | mean actor loss=-0.25187328457832336 | mean critic loss=0.21952683478593826 | mean entropy loss=-2.907396078109741
[2026-10-03 12:28:34] [INFO] Epoch 2: mean total loss=-0.19768709316849709 | mean actor loss=-0.21913070604205132 | mean critic loss=0.21443608961999416 | mean entropy loss=-2.9570215940475464
[2026-10-03 12:28:35] [INFO] Epoch 3: mean total loss=-0.07977697501579921 | mean actor loss=-0.1051738237341245 | mean critic loss=0.25396843751271564 | mean entropy loss=-3.0405149459838867
[2026-10-03 12:28:35] [INFO] Epoch 4: mean total loss=-0.12048189528286457 | mean actor loss=-0.14463874883949757 | mean critic loss=0.24156846571713686 | mean entropy loss=-3.0436844527721405
[2026-10-03 12:28:36] [INFO] Epoch 1: mean total loss=-0.0004751347005367279 | mean actor loss=-0.008987046778202057 | mean critic loss=0.08511913567781448 | mean entropy loss=-3.3125885725021362
[2026-10-03 12:28:36] [INFO] Epoch 2: mean total loss=0.015063634142279625 | mean actor loss=0.008406706154346466 | mean critic loss=0.06656931666657329 | mean entropy loss=-3.308438539505005
[2026-10-03 12:28:36] [INFO] Epoch 3: mean total loss=0.001230627919236819 | mean actor loss=-0.0050287457803885145 | mean critic loss=0.06259375531226397 | mean entropy loss=-3.3279597759246826
[2026-10-03 12:28:37] [INFO] Epoch 4: mean total loss=0.0037779812701046467 | mean actor loss=-0.002190721221268177 | mean critic loss=0.059687003726139665 | mean entropy loss=-3.321346402168274
[2026-10-03 12:28:38] [INFO] Epoch 1: mean total loss=0.12080587446689606 | mean actor loss=0.10776644200086594 | mean critic loss=0.13039423944428563 | mean entropy loss=-3.262803077697754
[2026-10-03 12:28:38] [INFO] Epoch 2: mean total loss=0.10760794579982758 | mean actor loss=0.09538683295249939 | mean critic loss=0.12221113662235439 | mean entropy loss=-3.2352728247642517
[2026-10-03 12:28:39] [INFO] Epoch 3: mean total loss=0.09569119413693745 | mean actor loss=0.08325925717751186 | mean critic loss=0.12431940296664834 | mean entropy loss=-3.2564833958943686
[2026-10-03 12:28:39] [INFO] Epoch 4: mean total loss=0.09047412127256393 | mean actor loss=0.07761871628463268 | mean critic loss=0.12855409260373563 | mean entropy loss=-3.255656063556671
[2026-10-03 12:28:40] [INFO] Epoch 1: mean total loss=-0.2081308662891388 | mean actor loss=-0.21369870007038116 | mean critic loss=0.05567820556461811 | mean entropy loss=-3.607062816619873
[2026-10-03 12:28:41] [INFO] Epoch 2: mean total loss=-0.08459381386637688 | mean actor loss=-0.090015459805727 | mean critic loss=0.05421642167493701 | mean entropy loss=-3.637604832649231
[2026-10-03 12:28:41] [INFO] Epoch 3: mean total loss=-0.04523216436306635 | mean actor loss=-0.05045010894536972 | mean critic loss=0.05217943247407675 | mean entropy loss=-3.6494391361872354
[2026-10-03 12:28:41] [INFO] Epoch 4: mean total loss=-0.06377463229000568 | mean actor loss=-0.0686760637909174 | mean critic loss=0.049014284973964095 | mean entropy loss=-3.6467995047569275
[2026-10-03 12:28:42] [INFO] Epoch 1: mean total loss=0.02921348065137863 | mean actor loss=0.02229522168636322 | mean critic loss=0.06918254867196083 | mean entropy loss=-3.3681230545043945
[2026-10-03 12:28:43] [INFO] Epoch 2: mean total loss=0.009410189930349588 | mean actor loss=0.0031838156282901764 | mean critic loss=0.062263717874884605 | mean entropy loss=-3.361046850681305
[2026-10-03 12:28:43] [INFO] Epoch 3: mean total loss=0.0032475035016735396 | mean actor loss=-0.002155284397304058 | mean critic loss=0.05402785912156105 | mean entropy loss=-3.3535983562469482
[2026-10-03 12:28:43] [INFO] Epoch 4: mean total loss=-0.0051235302817076445 | mean actor loss=-0.010285086231306195 | mean critic loss=0.05161554925143719 | mean entropy loss=-3.351007491350174
[2026-10-03 12:28:45] [INFO] Epoch 1: mean total loss=0.04061732441186905 | mean actor loss=0.028935670852661133 | mean critic loss=0.11681657284498215 | mean entropy loss=-3.625701904296875
[2026-10-03 12:28:45] [INFO] Epoch 2: mean total loss=0.022298527415841818 | mean actor loss=0.010403255466371775 | mean critic loss=0.11895273812115192 | mean entropy loss=-3.6200669407844543
[2026-10-03 12:28:45] [INFO] Epoch 3: mean total loss=0.011018220024804274 | mean actor loss=-0.0007731849327683449 | mean critic loss=0.11791407068570454 | mean entropy loss=-3.6118990977605185
[2026-10-03 12:28:45] [INFO] Epoch 4: mean total loss=0.008485164726153016 | mean actor loss=-0.0033366341958753765 | mean critic loss=0.11821800377219915 | mean entropy loss=-3.6104267835617065
[2026-10-03 12:28:47] [INFO] Epoch 1: mean total loss=-0.09387001022696495 | mean actor loss=-0.10229533910751343 | mean critic loss=0.08425331301987171 | mean entropy loss=-3.330398917198181
[2026-10-03 12:28:47] [INFO] Epoch 2: mean total loss=-0.09555553644895554 | mean actor loss=-0.10382729396224022 | mean critic loss=0.08271756488829851 | mean entropy loss=-3.3297197818756104
[2026-10-03 12:28:47] [INFO] Epoch 3: mean total loss=-0.06256115436553955 | mean actor loss=-0.07086596637964249 | mean critic loss=0.08304811827838421 | mean entropy loss=-3.3529552618662515
[2026-10-03 12:28:48] [INFO] Epoch 4: mean total loss=-0.03297168016433716 | mean actor loss=-0.04129505716264248 | mean critic loss=0.08323376905173063 | mean entropy loss=-3.3734038174152374
[2026-10-03 12:28:49] [INFO] Epoch 1: mean total loss=0.0455094650387764 | mean actor loss=0.0404292494058609 | mean critic loss=0.05080213397741318 | mean entropy loss=-3.6316897869110107
[2026-10-03 12:28:49] [INFO] Epoch 2: mean total loss=0.036208543460816145 | mean actor loss=0.030744352843612432 | mean critic loss=0.05464188847690821 | mean entropy loss=-3.555932641029358
[2026-10-03 12:28:50] [INFO] Epoch 3: mean total loss=0.054626988557477794 | mean actor loss=0.04953128689279159 | mean critic loss=0.050957055762410164 | mean entropy loss=-3.5905399322509766
[2026-10-03 12:28:50] [INFO] Epoch 4: mean total loss=0.056109117111191154 | mean actor loss=0.05135203036479652 | mean critic loss=0.04757089354097843 | mean entropy loss=-3.564075767993927
[2026-10-03 12:28:51] [INFO] Epoch 1: mean total loss=0.2591583579778671 | mean actor loss=0.24883347749710083 | mean critic loss=0.10324881039559841 | mean entropy loss=-3.260931372642517
[2026-10-03 12:28:52] [INFO] Epoch 2: mean total loss=0.10352635756134987 | mean actor loss=0.0946824811398983 | mean critic loss=0.08843875769525766 | mean entropy loss=-3.214264392852783
[2026-10-03 12:28:52] [INFO] Epoch 3: mean total loss=0.06689000641927123 | mean actor loss=0.05881089080745975 | mean critic loss=0.08079115053017934 | mean entropy loss=-3.2156914472579956
[2026-10-03 12:28:52] [INFO] Epoch 4: mean total loss=0.10691977676469833 | mean actor loss=0.09906517423223704 | mean critic loss=0.07854603789746761 | mean entropy loss=-3.2226498126983643
[2026-10-03 12:28:54] [INFO] Epoch 1: mean total loss=0.004795253276824951 | mean actor loss=-0.005987837910652161 | mean critic loss=0.10783093050122261 | mean entropy loss=-3.082134962081909
[2026-10-03 12:28:54] [INFO] Epoch 2: mean total loss=0.008392862975597382 | mean actor loss=-0.001814473420381546 | mean critic loss=0.10207339748740196 | mean entropy loss=-3.08560973405838
[2026-10-03 12:28:54] [INFO] Epoch 3: mean total loss=0.0027800798416137695 | mean actor loss=-0.006936858097712199 | mean critic loss=0.0971694119895498 | mean entropy loss=-3.0837157567342124
[2026-10-03 12:28:55] [INFO] Epoch 4: mean total loss=-0.01653195731341839 | mean actor loss=-0.025456290692090988 | mean critic loss=0.08924336289055645 | mean entropy loss=-3.0704697966575623
[2026-10-03 12:28:56] [INFO] Epoch 1: mean total loss=-0.007811892777681351 | mean actor loss=-0.012411404401063919 | mean critic loss=0.045995136722922325 | mean entropy loss=-3.736998200416565
[2026-10-03 12:28:56] [INFO] Epoch 2: mean total loss=-0.005308041349053383 | mean actor loss=-0.009680395945906639 | mean critic loss=0.04372356366366148 | mean entropy loss=-3.7395039200782776
[2026-10-03 12:28:57] [INFO] Epoch 3: mean total loss=-0.010646741837263107 | mean actor loss=-0.014839166154464086 | mean critic loss=0.041924260246256985 | mean entropy loss=-3.739129900932312
[2026-10-03 12:28:57] [INFO] Epoch 4: mean total loss=-0.015615769661962986 | mean actor loss=-0.019572974182665348 | mean critic loss=0.039572036475874484 | mean entropy loss=-3.738147795200348
[2026-10-03 12:28:58] [INFO] Epoch 1: mean total loss=0.019653990864753723 | mean actor loss=-0.005232185125350952 | mean critic loss=0.24886166490614414 | mean entropy loss=-3.260422468185425
[2026-10-03 12:28:59] [INFO] Epoch 2: mean total loss=0.06591488420963287 | mean actor loss=0.035291850566864014 | mean critic loss=0.3062302563339472 | mean entropy loss=-3.2610185146331787
[2026-10-03 12:28:59] [INFO] Epoch 3: mean total loss=0.03798578927914301 | mean actor loss=0.010537231961886087 | mean critic loss=0.2744855023920536 | mean entropy loss=-3.256348967552185
[2026-10-03 12:28:59] [INFO] Epoch 4: mean total loss=0.02202335186302662 | mean actor loss=-0.00311984121799469 | mean critic loss=0.25143188890069723 | mean entropy loss=-3.25884085893631
[2026-10-03 12:29:01] [INFO] Epoch 1: mean total loss=0.03656160831451416 | mean actor loss=0.03095841407775879 | mean critic loss=0.05603196378797293 | mean entropy loss=-3.5818326473236084
[2026-10-03 12:29:01] [INFO] Epoch 2: mean total loss=0.019717934890650213 | mean actor loss=0.01432741666212678 | mean critic loss=0.05390519183129072 | mean entropy loss=-3.5874181985855103
[2026-10-03 12:29:01] [INFO] Epoch 3: mean total loss=0.012511031934991479 | mean actor loss=0.007346432966490586 | mean critic loss=0.05164599449684223 | mean entropy loss=-3.5860474904378257
[2026-10-03 12:29:02] [INFO] Epoch 4: mean total loss=0.011339947290252894 | mean actor loss=0.0063675877172499895 | mean critic loss=0.04972359538078308 | mean entropy loss=-3.5820853114128113
[2026-10-03 12:29:03] [INFO] Epoch 1: mean total loss=0.053544700145721436 | mean actor loss=0.022753983736038208 | mean critic loss=0.30790719017386436 | mean entropy loss=-3.6416274309158325
[2026-10-03 12:29:03] [INFO] Epoch 2: mean total loss=0.003840118646621704 | mean actor loss=-0.02443133294582367 | mean critic loss=0.2827145252376795 | mean entropy loss=-3.6346250772476196
[2026-10-03 12:29:03] [INFO] Epoch 3: mean total loss=0.015049755573272705 | mean actor loss=-0.01345236599445343 | mean critic loss=0.28502120325962704 | mean entropy loss=-3.6362987756729126
[2026-10-03 12:29:03] [INFO] Epoch 4: mean total loss=0.02004208043217659 | mean actor loss=-0.008201539516448975 | mean critic loss=0.2824361938983202 | mean entropy loss=-3.6329464316368103
[2026-10-03 12:29:05] [INFO] Epoch 1: mean total loss=0.025623850524425507 | mean actor loss=0.016707532107830048 | mean critic loss=0.08916322700679302 | mean entropy loss=-3.4377657175064087
[2026-10-03 12:29:05] [INFO] Epoch 2: mean total loss=0.015270549803972244 | mean actor loss=0.006882611662149429 | mean critic loss=0.08387940982356668 | mean entropy loss=-3.432568907737732
[2026-10-03 12:29:05] [INFO] Epoch 3: mean total loss=0.12717763086160025 | mean actor loss=0.11932837466398875 | mean critic loss=0.07849262996266286 | mean entropy loss=-3.4214187463124595
[2026-10-03 12:29:06] [INFO] Epoch 4: mean total loss=0.07935164263471961 | mean actor loss=0.07134442310780287 | mean critic loss=0.08007225161418319 | mean entropy loss=-3.4135274291038513
[2026-10-03 12:29:07] [INFO] Epoch 1: mean total loss=0.04678545519709587 | mean actor loss=0.03506118059158325 | mean critic loss=0.117242731153965 | mean entropy loss=-3.3283917903900146
[2026-10-03 12:29:07] [INFO] Epoch 2: mean total loss=0.0565881934016943 | mean actor loss=0.04285275563597679 | mean critic loss=0.13735434971749783 | mean entropy loss=-3.3754655718803406
[2026-10-03 12:29:08] [INFO] Epoch 3: mean total loss=0.034549448639154434 | mean actor loss=0.021211427946885426 | mean critic loss=0.13338017836213112 | mean entropy loss=-3.3706756035486856
[2026-10-03 12:29:08] [INFO] Epoch 4: mean total loss=0.021176236681640148 | mean actor loss=0.008225155994296074 | mean critic loss=0.1295107677578926 | mean entropy loss=-3.367778778076172
[2026-10-03 12:29:09] [INFO] Epoch 1: mean total loss=-0.06954367458820343 | mean actor loss=-0.07943478226661682 | mean critic loss=0.09891107678413391 | mean entropy loss=-3.0390563011169434
[2026-10-03 12:29:09] [INFO] Epoch 2: mean total loss=-0.09854194149374962 | mean actor loss=-0.10766896978020668 | mean critic loss=0.09127030149102211 | mean entropy loss=-2.9959068298339844
[2026-10-03 12:29:10] [INFO] Epoch 3: mean total loss=-0.05664921303590139 | mean actor loss=-0.06663833310206731 | mean critic loss=0.09989121556282043 | mean entropy loss=-3.0097619692484536
[2026-10-03 12:29:10] [INFO] Epoch 4: mean total loss=0.014111995697021484 | mean actor loss=0.0035216640681028366 | mean critic loss=0.10590332350693643 | mean entropy loss=-3.0010100603103638
[2026-10-03 12:29:11] [INFO] Epoch 1: mean total loss=0.11764565855264664 | mean actor loss=0.08224733918905258 | mean critic loss=0.35398318246006966 | mean entropy loss=-3.2632784843444824
[2026-10-03 12:29:12] [INFO] Epoch 2: mean total loss=0.10809501633048058 | mean actor loss=0.07690627872943878 | mean critic loss=0.3118874095380306 | mean entropy loss=-3.243470847606659
[2026-10-03 12:29:12] [INFO] Epoch 3: mean total loss=0.04005123923222224 | mean actor loss=0.0128078560034434 | mean critic loss=0.2724338745077451 | mean entropy loss=-3.2152669032414756
[2026-10-03 12:29:12] [INFO] Epoch 4: mean total loss=-0.005322376266121864 | mean actor loss=-0.03031211346387863 | mean critic loss=0.24989737756550312 | mean entropy loss=-3.201001614332199
[2026-10-03 12:29:14] [INFO] Epoch 1: mean total loss=0.06399747729301453 | mean actor loss=0.05510856211185455 | mean critic loss=0.08888908103108406 | mean entropy loss=-3.449934959411621
[2026-10-03 12:29:14] [INFO] Epoch 2: mean total loss=0.05318697541952133 | mean actor loss=0.04472123086452484 | mean critic loss=0.08465739898383617 | mean entropy loss=-3.4532525539398193
[2026-10-03 12:29:14] [INFO] Epoch 3: mean total loss=0.03384563016394774 | mean actor loss=0.02556996140629053 | mean critic loss=0.08275665653248628 | mean entropy loss=-3.4624153772989907
[2026-10-03 12:29:15] [INFO] Epoch 4: mean total loss=0.009265308734029531 | mean actor loss=0.001544284401461482 | mean critic loss=0.0772102358750999 | mean entropy loss=-3.4623063504695892
[2026-10-03 12:29:16] [INFO] Epoch 1: mean total loss=0.03831180930137634 | mean actor loss=0.03211173415184021 | mean critic loss=0.062000859528779984 | mean entropy loss=-3.2571732997894287
[2026-10-03 12:29:16] [INFO] Epoch 2: mean total loss=0.009278938174247742 | mean actor loss=0.003146898001432419 | mean critic loss=0.06132045388221741 | mean entropy loss=-3.2498921751976013
[2026-10-03 12:29:17] [INFO] Epoch 3: mean total loss=-0.005560735861460368 | mean actor loss=-0.011594789723555246 | mean critic loss=0.06034060474485159 | mean entropy loss=-3.2351802587509155
[2026-10-03 12:29:17] [INFO] Epoch 4: mean total loss=-0.011951605061767623 | mean actor loss=-0.017914866708451882 | mean critic loss=0.05963266338221729 | mean entropy loss=-3.2138402462005615
[2026-10-03 12:29:18] [INFO] Epoch 1: mean total loss=0.05841974914073944 | mean actor loss=0.04765857756137848 | mean critic loss=0.10761173814535141 | mean entropy loss=-3.198695182800293
[2026-10-03 12:29:19] [INFO] Epoch 2: mean total loss=-0.004028536379337311 | mean actor loss=-0.016409724950790405 | mean critic loss=0.1238119387999177 | mean entropy loss=-3.2074536085128784
[2026-10-03 12:29:19] [INFO] Epoch 3: mean total loss=0.013342201709747314 | mean actor loss=0.0020515372355779013 | mean critic loss=0.11290666895608108 | mean entropy loss=-3.204017678896586
[2026-10-03 12:29:19] [INFO] Epoch 4: mean total loss=0.015750872902572155 | mean actor loss=0.0052909813821315765 | mean critic loss=0.10459893615916371 | mean entropy loss=-3.1974989771842957
[2026-10-03 12:29:20] [INFO] Epoch 1: mean total loss=-0.03996226191520691 | mean actor loss=-0.04627106338739395 | mean critic loss=0.06308805011212826 | mean entropy loss=-3.6769487857818604
[2026-10-03 12:29:21] [INFO] Epoch 2: mean total loss=-0.018100714311003685 | mean actor loss=-0.023983007296919823 | mean critic loss=0.058822947554290295 | mean entropy loss=-3.681622862815857
[2026-10-03 12:29:21] [INFO] Epoch 3: mean total loss=-0.03715043142437935 | mean actor loss=-0.04248949016133944 | mean critic loss=0.053390623380740486 | mean entropy loss=-3.6755343675613403
[2026-10-03 12:29:21] [INFO] Epoch 4: mean total loss=-0.04817222710698843 | mean actor loss=-0.05314213503152132 | mean critic loss=0.049699120223522186 | mean entropy loss=-3.6771416068077087
[2026-10-03 12:29:22] [INFO] Epoch 1: mean total loss=-0.04449358582496643 | mean actor loss=-0.05188486725091934 | mean critic loss=0.07391278818249702 | mean entropy loss=-3.4887229204177856
[2026-10-03 12:29:23] [INFO] Epoch 2: mean total loss=-0.022759344428777695 | mean actor loss=-0.029408380389213562 | mean critic loss=0.06649033911526203 | mean entropy loss=-3.487683355808258
[2026-10-03 12:29:23] [INFO] Epoch 3: mean total loss=-0.005311059455076854 | mean actor loss=-0.011643357574939728 | mean critic loss=0.06332298554480076 | mean entropy loss=-3.4834420680999756
[2026-10-03 12:29:23] [INFO] Epoch 4: mean total loss=0.0032056160271167755 | mean actor loss=-0.0027876030653715134 | mean critic loss=0.05993217648938298 | mean entropy loss=-3.4862227141857147
[2026-10-03 12:29:25] [INFO] Epoch 1: mean total loss=0.0349984597414732 | mean actor loss=-0.008410653099417686 | mean critic loss=0.43409113585948944 | mean entropy loss=-3.4047194719314575
[2026-10-03 12:29:25] [INFO] Epoch 2: mean total loss=0.03350483300164342 | mean actor loss=-0.00267610652372241 | mean critic loss=0.36180939339101315 | mean entropy loss=-3.43493390083313
[2026-10-03 12:29:25] [INFO] Epoch 3: mean total loss=0.05648661435892185 | mean actor loss=0.020949709229171276 | mean critic loss=0.3553690401216348 | mean entropy loss=-3.437940080960592
[2026-10-03 12:29:26] [INFO] Epoch 4: mean total loss=0.05868485034443438 | mean actor loss=0.02654354111291468 | mean critic loss=0.321413095574826 | mean entropy loss=-3.4242178797721863
[2026-10-03 12:29:27] [INFO] Epoch 1: mean total loss=-0.04894228279590607 | mean actor loss=-0.05913015455007553 | mean critic loss=0.10187879949808121 | mean entropy loss=-3.218541979789734
[2026-10-03 12:29:27] [INFO] Epoch 2: mean total loss=0.037738315761089325 | mean actor loss=0.026565317064523697 | mean critic loss=0.11172993760555983 | mean entropy loss=-3.256820559501648
[2026-10-03 12:29:28] [INFO] Epoch 3: mean total loss=-0.04995185633500417 | mean actor loss=-0.06067251538236936 | mean critic loss=0.1072065948198239 | mean entropy loss=-3.2184700965881348
[2026-10-03 12:29:28] [INFO] Epoch 4: mean total loss=-0.042520906776189804 | mean actor loss=-0.05225174222141504 | mean critic loss=0.09730834327638149 | mean entropy loss=-3.227067768573761
[2026-10-03 12:29:29] [INFO] Epoch 1: mean total loss=-0.008060675114393234 | mean actor loss=-0.014136698096990585 | mean critic loss=0.0607602559030056 | mean entropy loss=-3.464550733566284
[2026-10-03 12:29:30] [INFO] Epoch 2: mean total loss=-0.0008646063506603241 | mean actor loss=-0.006705833598971367 | mean critic loss=0.058412281796336174 | mean entropy loss=-3.419813811779022
[2026-10-03 12:29:30] [INFO] Epoch 3: mean total loss=-0.005785251657168071 | mean actor loss=-0.011376632998387018 | mean critic loss=0.05591381217042605 | mean entropy loss=-3.4052664836247764
[2026-10-03 12:29:30] [INFO] Epoch 4: mean total loss=-0.042993733659386635 | mean actor loss=-0.0481885252520442 | mean critic loss=0.051947908010333776 | mean entropy loss=-3.399353414773941
[2026-10-03 12:29:32] [INFO] Epoch 1: mean total loss=-0.03409220278263092 | mean actor loss=-0.039673395454883575 | mean critic loss=0.055811988189816475 | mean entropy loss=-3.4490714073181152
[2026-10-03 12:29:32] [INFO] Epoch 2: mean total loss=0.006532752886414528 | mean actor loss=0.0015011541545391083 | mean critic loss=0.05031599663197994 | mean entropy loss=-3.4259902238845825
[2026-10-03 12:29:32] [INFO] Epoch 3: mean total loss=-0.003064995010693868 | mean actor loss=-0.008035485943158468 | mean critic loss=0.049704915223022304 | mean entropy loss=-3.4238669872283936
[2026-10-03 12:29:32] [INFO] Epoch 4: mean total loss=-0.016891000792384148 | mean actor loss=-0.021486535668373108 | mean critic loss=0.04595534689724445 | mean entropy loss=-3.4301377832889557
[2026-10-03 12:29:34] [INFO] Epoch 1: mean total loss=0.014080867171287537 | mean actor loss=0.007241234183311462 | mean critic loss=0.06839627027511597 | mean entropy loss=-3.411548137664795
[2026-10-03 12:29:34] [INFO] Epoch 2: mean total loss=0.0024880394339561462 | mean actor loss=-0.004439312964677811 | mean critic loss=0.06927351001650095 | mean entropy loss=-3.402155101299286
[2026-10-03 12:29:35] [INFO] Epoch 3: mean total loss=-0.0003129541873931885 | mean actor loss=-0.006987877190113068 | mean critic loss=0.06674921574691932 | mean entropy loss=-3.403147061665853
[2026-10-03 12:29:35] [INFO] Epoch 4: mean total loss=-0.0005572065711021423 | mean actor loss=-0.007010208442807198 | mean critic loss=0.06453000428155065 | mean entropy loss=-3.405196785926819
[2026-10-03 12:29:36] [INFO] Epoch 1: mean total loss=-0.012461364269256592 | mean actor loss=-0.024511262774467468 | mean critic loss=0.12049902975559235 | mean entropy loss=-3.4466969966888428
[2026-10-03 12:29:37] [INFO] Epoch 2: mean total loss=-0.004439827054738998 | mean actor loss=-0.016254857182502747 | mean critic loss=0.11815031245350838 | mean entropy loss=-3.4601802825927734
[2026-10-03 12:29:37] [INFO] Epoch 3: mean total loss=-0.005507576900223891 | mean actor loss=-0.016641427219534915 | mean critic loss=0.11133851110935211 | mean entropy loss=-3.4305793841679892
[2026-10-03 12:29:37] [INFO] Epoch 4: mean total loss=-0.03899709018878639 | mean actor loss=-0.04965379770146683 | mean critic loss=0.10656703542917967 | mean entropy loss=-3.4330146312713623
[2026-10-03 12:29:39] [INFO] Epoch 1: mean total loss=0.0362727977335453 | mean actor loss=0.03064717072993517 | mean critic loss=0.05625625792890787 | mean entropy loss=-3.5209888219833374
[2026-10-03 12:29:39] [INFO] Epoch 2: mean total loss=0.016649268567562103 | mean actor loss=0.011909364257007837 | mean critic loss=0.047399030067026615 | mean entropy loss=-3.5090933442115784
[2026-10-03 12:29:39] [INFO] Epoch 3: mean total loss=0.012441801528135935 | mean actor loss=0.008209349277118841 | mean critic loss=0.0423245153700312 | mean entropy loss=-3.515369971593221
[2026-10-03 12:29:39] [INFO] Epoch 4: mean total loss=0.012338893488049507 | mean actor loss=0.008537461282685399 | mean critic loss=0.038014315301552415 | mean entropy loss=-3.497723639011383
[2026-10-03 12:29:41] [INFO] Epoch 1: mean total loss=-0.0004779547452926636 | mean actor loss=-0.013401870615780354 | mean critic loss=0.12923916429281235 | mean entropy loss=-3.423558473587036
[2026-10-03 12:29:41] [INFO] Epoch 2: mean total loss=-0.03220653533935547 | mean actor loss=-0.04567518690600991 | mean critic loss=0.13468653243035078 | mean entropy loss=-3.454028367996216
[2026-10-03 12:29:41] [INFO] Epoch 3: mean total loss=-0.014942143733302752 | mean actor loss=-0.02750192241122325 | mean critic loss=0.12559779671331248 | mean entropy loss=-3.464048147201538
[2026-10-03 12:29:42] [INFO] Epoch 4: mean total loss=-0.02113135391846299 | mean actor loss=-0.03286330564878881 | mean critic loss=0.11731952847912908 | mean entropy loss=-3.472643703222275
[2026-10-03 12:29:43] [INFO] Epoch 1: mean total loss=-0.050501830875873566 | mean actor loss=-0.06305630505084991 | mean critic loss=0.1255446756258607 | mean entropy loss=-3.108193039894104
[2026-10-03 12:29:44] [INFO] Epoch 2: mean total loss=-0.044820237904787064 | mean actor loss=-0.055456243455410004 | mean critic loss=0.10636004572734237 | mean entropy loss=-3.132258355617523
[2026-10-03 12:29:44] [INFO] Epoch 3: mean total loss=-0.06495319306850433 | mean actor loss=-0.0742446780204773 | mean critic loss=0.09291483679165442 | mean entropy loss=-3.1198534965515137
[2026-10-03 12:29:44] [INFO] Epoch 4: mean total loss=-0.09182515367865562 | mean actor loss=-0.10035387799143791 | mean critic loss=0.08528725150972605 | mean entropy loss=-3.1154741048812866
[2026-10-03 12:29:46] [INFO] Epoch 1: mean total loss=0.08155901730060577 | mean actor loss=0.0715896338224411 | mean critic loss=0.09969383385032415 | mean entropy loss=-3.5940622091293335
[2026-10-03 12:29:46] [INFO] Epoch 2: mean total loss=0.12949111312627792 | mean actor loss=0.11849884688854218 | mean critic loss=0.10992269450798631 | mean entropy loss=-3.579915165901184
[2026-10-03 12:29:46] [INFO] Epoch 3: mean total loss=0.12680758039156595 | mean actor loss=0.11663528780142467 | mean critic loss=0.1017229234178861 | mean entropy loss=-3.576605240503947
[2026-10-03 12:29:46] [INFO] Epoch 4: mean total loss=0.11985129490494728 | mean actor loss=0.11050735786557198 | mean critic loss=0.09343934431672096 | mean entropy loss=-3.577874034643173
[2026-10-03 12:29:47] [INFO] Epoch 1: mean total loss=0.017750419676303864 | mean actor loss=-0.0007789954543113708 | mean critic loss=0.18529420346021652 | mean entropy loss=-3.5271865129470825
[2026-10-03 12:29:48] [INFO] Epoch 2: mean total loss=0.004530373960733414 | mean actor loss=-0.012853588908910751 | mean critic loss=0.1738396417349577 | mean entropy loss=-3.4691972732543945
[2026-10-03 12:29:48] [INFO] Epoch 3: mean total loss=-0.03778225431839625 | mean actor loss=-0.052708047131697335 | mean critic loss=0.14925795421004295 | mean entropy loss=-3.4901081720987954
[2026-10-03 12:29:48] [INFO] Epoch 4: mean total loss=-0.05114082060754299 | mean actor loss=-0.0642994437366724 | mean critic loss=0.13158625271171331 | mean entropy loss=-3.4984746277332306
[2026-10-03 12:29:49] [INFO] Epoch 1: mean total loss=0.023603253066539764 | mean actor loss=0.016103848814964294 | mean critic loss=0.07499406486749649 | mean entropy loss=-3.4618051052093506
[2026-10-03 12:29:49] [INFO] Epoch 2: mean total loss=0.014686958165839314 | mean actor loss=0.007608961313962936 | mean critic loss=0.07077998016029596 | mean entropy loss=-3.4444859623908997
[2026-10-03 12:29:49] [INFO] Epoch 3: mean total loss=0.004848132996509473 | mean actor loss=-0.0016820540962119896 | mean critic loss=0.06530187899867694 | mean entropy loss=-3.4495712916056314
[2026-10-03 12:29:50] [INFO] Epoch 4: mean total loss=-0.0033518470590934157 | mean actor loss=-0.00922094339330215 | mean critic loss=0.058690969832241535 | mean entropy loss=-3.4522448778152466
[2026-10-03 12:29:50] [INFO] Epoch 1: mean total loss=-0.02475982904434204 | mean actor loss=-0.03426480293273926 | mean critic loss=0.09504969790577888 | mean entropy loss=-2.993818163871765
[2026-10-03 12:29:51] [INFO] Epoch 2: mean total loss=-0.01828219648450613 | mean actor loss=-0.02627526316791773 | mean critic loss=0.07993065100163221 | mean entropy loss=-2.920884907245636
[2026-10-03 12:29:51] [INFO] Epoch 3: mean total loss=0.019792085513472557 | mean actor loss=0.012611885244647661 | mean critic loss=0.07180200393001239 | mean entropy loss=-2.8998721837997437
[2026-10-03 12:29:51] [INFO] Epoch 4: mean total loss=0.017030539456754923 | mean actor loss=0.010806967969983816 | mean critic loss=0.062235706485807896 | mean entropy loss=-2.9156216979026794
[2026-10-03 12:29:52] [INFO] Epoch 1: mean total loss=0.01661291648633778 | mean actor loss=0.011444530449807644 | mean critic loss=0.05168385710567236 | mean entropy loss=-3.4098316431045532
[2026-10-03 12:29:53] [INFO] Epoch 2: mean total loss=0.09297688270453364 | mean actor loss=0.08899301616474986 | mean critic loss=0.0398387061432004 | mean entropy loss=-3.4877864718437195
[2026-10-03 12:29:53] [INFO] Epoch 3: mean total loss=0.07879100965025525 | mean actor loss=0.07513272482901812 | mean critic loss=0.036582871029774346 | mean entropy loss=-3.4944890340169272
[2026-10-03 12:29:53] [INFO] Epoch 4: mean total loss=0.04443237028317526 | mean actor loss=0.041097529930993915 | mean critic loss=0.03334841341711581 | mean entropy loss=-3.515082359313965
[2026-10-03 12:29:55] [INFO] Epoch 1: mean total loss=0.004567369818687439 | mean actor loss=-0.003945671021938324 | mean critic loss=0.08513041026890278 | mean entropy loss=-3.374035596847534
[2026-10-03 12:29:55] [INFO] Epoch 2: mean total loss=0.0031437156721949577 | mean actor loss=-0.004491016268730164 | mean critic loss=0.07634732034057379 | mean entropy loss=-3.3638724088668823
[2026-10-03 12:29:55] [INFO] Epoch 3: mean total loss=0.01841105706989765 | mean actor loss=0.010993088285128275 | mean critic loss=0.07417969095210235 | mean entropy loss=-3.364940643310547
[2026-10-03 12:29:56] [INFO] Epoch 4: mean total loss=0.017695073504000902 | mean actor loss=0.010313019156455994 | mean critic loss=0.07382053276523948 | mean entropy loss=-3.3740257024765015
[2026-10-03 12:29:57] [INFO] Epoch 1: mean total loss=0.036625608801841736 | mean actor loss=0.0286516472697258 | mean critic loss=0.07973960973322392 | mean entropy loss=-3.3533289432525635
[2026-10-03 12:29:57] [INFO] Epoch 2: mean total loss=0.014694197103381157 | mean actor loss=0.007648732513189316 | mean critic loss=0.07045465521514416 | mean entropy loss=-3.377475321292877
[2026-10-03 12:29:58] [INFO] Epoch 3: mean total loss=0.003697684034705162 | mean actor loss=-0.0029781777411699295 | mean critic loss=0.06675862520933151 | mean entropy loss=-3.4048155148824057
[2026-10-03 12:29:58] [INFO] Epoch 4: mean total loss=0.03976762341335416 | mean actor loss=0.03308311337605119 | mean critic loss=0.06684509804472327 | mean entropy loss=-3.3863238990306854
[2026-10-03 12:29:59] [INFO] Epoch 1: mean total loss=0.0035419687628746033 | mean actor loss=-0.0028308555483818054 | mean critic loss=0.06372822634875774 | mean entropy loss=-3.651628017425537
[2026-10-03 12:30:00] [INFO] Epoch 2: mean total loss=-0.0001288391649723053 | mean actor loss=-0.006382685154676437 | mean critic loss=0.06253843661397696 | mean entropy loss=-3.6508904695510864
[2026-10-03 12:30:00] [INFO] Epoch 3: mean total loss=-0.001518075664838155 | mean actor loss=-0.007510796499749024 | mean critic loss=0.05992719313750664 | mean entropy loss=-3.6526099840799966
[2026-10-03 12:30:00] [INFO] Epoch 4: mean total loss=-0.005012284964323044 | mean actor loss=-0.01073749759234488 | mean critic loss=0.05725211719982326 | mean entropy loss=-3.653623402118683
[2026-10-03 12:30:01] [INFO] Epoch 1: mean total loss=0.024689518846571445 | mean actor loss=0.016832430846989155 | mean critic loss=0.0785708799958229 | mean entropy loss=-3.5175236463546753
[2026-10-03 12:30:02] [INFO] Epoch 2: mean total loss=-0.09813326550647616 | mean actor loss=-0.10480306064710021 | mean critic loss=0.06669788435101509 | mean entropy loss=-3.5149187445640564
[2026-10-03 12:30:02] [INFO] Epoch 3: mean total loss=-0.07152089197188616 | mean actor loss=-0.07743050375332435 | mean critic loss=0.05909607683618864 | mean entropy loss=-3.508668541908264
[2026-10-03 12:30:02] [INFO] Epoch 4: mean total loss=-0.04344781651161611 | mean actor loss=-0.04895832552574575 | mean critic loss=0.05510505265556276 | mean entropy loss=-3.4910936057567596
[2026-10-03 12:30:04] [INFO] Epoch 1: mean total loss=-0.2123827263712883 | mean actor loss=-0.2200753465294838 | mean critic loss=0.07692611590027809 | mean entropy loss=-3.206225037574768
[2026-10-03 12:30:04] [INFO] Epoch 2: mean total loss=-0.1180439330637455 | mean actor loss=-0.12455972284078598 | mean critic loss=0.065157868899405 | mean entropy loss=-3.2384435534477234
[2026-10-03 12:30:04] [INFO] Epoch 3: mean total loss=-0.08871019321183364 | mean actor loss=-0.09474839828908443 | mean critic loss=0.06038203773399194 | mean entropy loss=-3.226724942525228
[2026-10-03 12:30:04] [INFO] Epoch 4: mean total loss=-0.12054381472989917 | mean actor loss=-0.12648552702739835 | mean critic loss=0.0594171027187258 | mean entropy loss=-3.239213079214096
[2026-10-03 12:30:06] [INFO] Epoch 1: mean total loss=-0.08962897211313248 | mean actor loss=-0.09371158108115196 | mean critic loss=0.04082614742219448 | mean entropy loss=-3.4093979597091675
[2026-10-03 12:30:06] [INFO] Epoch 2: mean total loss=0.024471726268529892 | mean actor loss=0.019208183512091637 | mean critic loss=0.05263546947389841 | mean entropy loss=-3.369837164878845
[2026-10-03 12:30:06] [INFO] Epoch 3: mean total loss=0.06614243239164352 | mean actor loss=0.061028687904278435 | mean critic loss=0.051137459153930344 | mean entropy loss=-3.365888516108195
[2026-10-03 12:30:07] [INFO] Epoch 4: mean total loss=0.015756122767925262 | mean actor loss=0.011000056751072407 | mean critic loss=0.04756066971458495 | mean entropy loss=-3.3741145730018616
[2026-10-03 12:30:08] [INFO] Epoch 1: mean total loss=-0.03681233152747154 | mean actor loss=-0.042356155812740326 | mean critic loss=0.055438265204429626 | mean entropy loss=-3.166870951652527
[2026-10-03 12:30:08] [INFO] Epoch 2: mean total loss=0.11816916055977345 | mean actor loss=0.11176537349820137 | mean critic loss=0.06403784826397896 | mean entropy loss=-3.215842306613922
[2026-10-03 12:30:09] [INFO] Epoch 3: mean total loss=0.05980560556054115 | mean actor loss=0.05383874103426933 | mean critic loss=0.059668645883599915 | mean entropy loss=-3.201294700304667
[2026-10-03 12:30:09] [INFO] Epoch 4: mean total loss=0.04371167439967394 | mean actor loss=0.037943740375339985 | mean critic loss=0.0576793379150331 | mean entropy loss=-3.207481771707535
[2026-10-03 12:30:10] [INFO] Epoch 1: mean total loss=0.14364533126354218 | mean actor loss=0.13412118703126907 | mean critic loss=0.09524155221879482 | mean entropy loss=-3.1313650608062744
[2026-10-03 12:30:11] [INFO] Epoch 2: mean total loss=0.10178887844085693 | mean actor loss=0.09228827804327011 | mean critic loss=0.0950060524046421 | mean entropy loss=-3.1079798340797424
[2026-10-03 12:30:11] [INFO] Epoch 3: mean total loss=0.0917270580927531 | mean actor loss=0.08217808107535045 | mean critic loss=0.09548977731416623 | mean entropy loss=-3.09679639339447
[2026-10-03 12:30:11] [INFO] Epoch 4: mean total loss=0.08152622357010841 | mean actor loss=0.07232575677335262 | mean critic loss=0.0920046828687191 | mean entropy loss=-3.09755602478981
[2026-10-03 12:30:13] [INFO] Epoch 1: mean total loss=-0.030078742653131485 | mean actor loss=-0.0340765044093132 | mean critic loss=0.039977600798010826 | mean entropy loss=-3.147696614265442
[2026-10-03 12:30:13] [INFO] Epoch 2: mean total loss=0.013765436597168446 | mean actor loss=0.009738629683852196 | mean critic loss=0.04026807099580765 | mean entropy loss=-3.1547242999076843
[2026-10-03 12:30:13] [INFO] Epoch 3: mean total loss=-0.006684836621085803 | mean actor loss=-0.010589147297044596 | mean critic loss=0.03904311265796423 | mean entropy loss=-3.152530630429586
[2026-10-03 12:30:14] [INFO] Epoch 4: mean total loss=-0.018449620809406042 | mean actor loss=-0.02211041166447103 | mean critic loss=0.03660793090239167 | mean entropy loss=-3.2325283586978912
[2026-10-03 12:30:15] [INFO] Epoch 1: mean total loss=0.026722401846200228 | mean actor loss=0.014830227941274643 | mean critic loss=0.11892173811793327 | mean entropy loss=-2.8854628801345825
[2026-10-03 12:30:15] [INFO] Epoch 2: mean total loss=-0.08283322281204164 | mean actor loss=-0.09258360974490643 | mean critic loss=0.09750378679018468 | mean entropy loss=-2.8257015347480774
[2026-10-03 12:30:15] [INFO] Epoch 3: mean total loss=-0.03617254256581267 | mean actor loss=-0.04603232815861702 | mean critic loss=0.09859780338592827 | mean entropy loss=-2.86417822043101
[2026-10-03 12:30:16] [INFO] Epoch 4: mean total loss=-0.049509424599818885 | mean actor loss=-0.05901641445234418 | mean critic loss=0.09506985632469878 | mean entropy loss=-2.843716710805893
[2026-10-03 12:30:17] [INFO] Epoch 1: mean total loss=0.21987642347812653 | mean actor loss=0.20755818486213684 | mean critic loss=0.12318239361047745 | mean entropy loss=-3.4877082109451294
[2026-10-03 12:30:17] [INFO] Epoch 2: mean total loss=0.21693047881126404 | mean actor loss=0.2045084610581398 | mean critic loss=0.12422013469040394 | mean entropy loss=-3.487601339817047
[2026-10-03 12:30:17] [INFO] Epoch 3: mean total loss=0.1572251319885254 | mean actor loss=0.14540472626686096 | mean critic loss=0.11820404479900996 | mean entropy loss=-3.4533661603927612
[2026-10-03 12:30:17] [INFO] Epoch 4: mean total loss=0.15615690127015114 | mean actor loss=0.1448044516146183 | mean critic loss=0.1135244695469737 | mean entropy loss=-3.4554234743118286
[2026-10-03 12:30:19] [INFO] Epoch 1: mean total loss=0.08404774963855743 | mean actor loss=0.07139384746551514 | mean critic loss=0.12653915025293827 | mean entropy loss=-3.517966628074646
[2026-10-03 12:30:19] [INFO] Epoch 2: mean total loss=0.00039468705654144287 | mean actor loss=-0.011005334556102753 | mean critic loss=0.11400029808282852 | mean entropy loss=-3.4967336654663086
[2026-10-03 12:30:19] [INFO] Epoch 3: mean total loss=-0.026642903685569763 | mean actor loss=-0.037513489524523415 | mean critic loss=0.1087059136480093 | mean entropy loss=-3.5270610650380454
[2026-10-03 12:30:20] [INFO] Epoch 4: mean total loss=-0.04227710887789726 | mean actor loss=-0.05282420292496681 | mean critic loss=0.10547101078554988 | mean entropy loss=-3.5390121042728424
[2026-10-03 12:30:21] [INFO] Epoch 1: mean total loss=-0.1530478373169899 | mean actor loss=-0.15808802843093872 | mean critic loss=0.05040191579610109 | mean entropy loss=-3.498599052429199
[2026-10-03 12:30:21] [INFO] Epoch 2: mean total loss=-0.08298388123512268 | mean actor loss=-0.08706821501255035 | mean critic loss=0.04084331775084138 | mean entropy loss=-3.392702043056488
[2026-10-03 12:30:22] [INFO] Epoch 3: mean total loss=-0.061698791881402336 | mean actor loss=-0.06545718386769295 | mean critic loss=0.03758390061557293 | mean entropy loss=-3.357474605242411
[2026-10-03 12:30:22] [INFO] Epoch 4: mean total loss=-0.06587915308773518 | mean actor loss=-0.069446817971766 | mean critic loss=0.03567663161084056 | mean entropy loss=-3.34797403216362
[2026-10-03 12:30:23] [INFO] Epoch 1: mean total loss=0.008305571973323822 | mean actor loss=-0.00044569000601768494 | mean critic loss=0.08751262538135052 | mean entropy loss=-3.4444650411605835
[2026-10-03 12:30:23] [INFO] Epoch 2: mean total loss=0.0035707447677850723 | mean actor loss=-0.004850107245147228 | mean critic loss=0.08420852664858103 | mean entropy loss=-3.4419362545013428
[2026-10-03 12:30:23] [INFO] Epoch 3: mean total loss=-0.0005549900233745575 | mean actor loss=-0.008550509189565977 | mean critic loss=0.07995518731574218 | mean entropy loss=-3.4448822736740112
[2026-10-03 12:30:24] [INFO] Epoch 4: mean total loss=0.0067246174439787865 | mean actor loss=-0.0011383234523236752 | mean critic loss=0.07862940710037947 | mean entropy loss=-3.4508159160614014
[2026-10-03 12:30:25] [INFO] Epoch 1: mean total loss=0.09694381058216095 | mean actor loss=0.07356339693069458 | mean critic loss=0.23380421102046967 | mean entropy loss=-3.2739351987838745
[2026-10-03 12:30:25] [INFO] Epoch 2: mean total loss=-0.02874162420630455 | mean actor loss=-0.04764937236905098 | mean critic loss=0.18907751329243183 | mean entropy loss=-3.236446976661682
[2026-10-03 12:30:26] [INFO] Epoch 3: mean total loss=0.008246921002864838 | mean actor loss=-0.010756202042102814 | mean critic loss=0.19003124783436456 | mean entropy loss=-3.2472148736317954
[2026-10-03 12:30:26] [INFO] Epoch 4: mean total loss=0.018985824659466743 | mean actor loss=0.0002875514328479767 | mean critic loss=0.18698275182396173 | mean entropy loss=-3.252648025751114
[2026-10-03 12:30:27] [INFO] Epoch 1: mean total loss=0.02058236114680767 | mean actor loss=0.009728647768497467 | mean critic loss=0.10853712633252144 | mean entropy loss=-3.2274930477142334
[2026-10-03 12:30:28] [INFO] Epoch 2: mean total loss=0.010345875285565853 | mean actor loss=-0.00045327097177505493 | mean critic loss=0.10799143090844154 | mean entropy loss=-3.241228938102722
[2026-10-03 12:30:28] [INFO] Epoch 3: mean total loss=-0.0027937100579341254 | mean actor loss=-0.013349627455075582 | mean critic loss=0.10555911126236121 | mean entropy loss=-3.241921067237854
[2026-10-03 12:30:28] [INFO] Epoch 4: mean total loss=-0.007079462055116892 | mean actor loss=-0.017294973134994507 | mean critic loss=0.1021550721488893 | mean entropy loss=-3.2502797544002533
[2026-10-03 12:30:29] [INFO] Epoch 1: mean total loss=-0.06290806084871292 | mean actor loss=-0.07543820887804031 | mean critic loss=0.1253015138208866 | mean entropy loss=-3.5461493730545044
[2026-10-03 12:30:30] [INFO] Epoch 2: mean total loss=-0.014602307230234146 | mean actor loss=-0.0273246131837368 | mean critic loss=0.12722307443618774 | mean entropy loss=-3.498738646507263
[2026-10-03 12:30:30] [INFO] Epoch 3: mean total loss=-0.00907189336915811 | mean actor loss=-0.02133108675479889 | mean critic loss=0.12259194177264969 | mean entropy loss=-3.4780213832855225
[2026-10-03 12:30:30] [INFO] Epoch 4: mean total loss=0.01827207626774907 | mean actor loss=0.0049249883741140366 | mean critic loss=0.13347089232411236 | mean entropy loss=-3.4915254712104797
[2026-10-03 12:30:32] [INFO] Epoch 1: mean total loss=0.044179558753967285 | mean actor loss=0.03554902970790863 | mean critic loss=0.08630529046058655 | mean entropy loss=-3.16141676902771
[2026-10-03 12:30:32] [INFO] Epoch 2: mean total loss=0.009726403281092644 | mean actor loss=0.00012628361582756042 | mean critic loss=0.09600119572132826 | mean entropy loss=-3.1765471696853638
[2026-10-03 12:30:32] [INFO] Epoch 3: mean total loss=-0.013593108703692755 | mean actor loss=-0.023107739786307018 | mean critic loss=0.09514630679041147 | mean entropy loss=-3.1756269931793213
[2026-10-03 12:30:33] [INFO] Epoch 4: mean total loss=-0.026988080702722073 | mean actor loss=-0.03626069240272045 | mean critic loss=0.09272613259963691 | mean entropy loss=-3.1647176146507263
[2026-10-03 12:30:33] [INFO] Epoch 1: mean total loss=-0.07979665696620941 | mean actor loss=-0.11003091931343079 | mean critic loss=0.30234260857105255 | mean entropy loss=-3.151069760322571
[2026-10-03 12:30:33] [INFO] Epoch 2: mean total loss=-0.05015220493078232 | mean actor loss=-0.07897783815860748 | mean critic loss=0.28825631737709045 | mean entropy loss=-3.2134222984313965
[2026-10-03 12:30:34] [INFO] Epoch 3: mean total loss=-0.04506006836891174 | mean actor loss=-0.0724116067091624 | mean critic loss=0.27351536850134534 | mean entropy loss=-3.23055899143219
[2026-10-03 12:30:34] [INFO] Epoch 4: mean total loss=-0.046267956495285034 | mean actor loss=-0.07219095900654793 | mean critic loss=0.25922999158501625 | mean entropy loss=-3.240361213684082
[2026-10-03 12:30:35] [INFO] Epoch 1: mean total loss=0.04864910896867514 | mean actor loss=0.03478352725505829 | mean critic loss=0.13865580782294273 | mean entropy loss=-3.2377620935440063
[2026-10-03 12:30:36] [INFO] Epoch 2: mean total loss=0.04497287189587951 | mean actor loss=0.03164355829358101 | mean critic loss=0.1332931201905012 | mean entropy loss=-3.2711384892463684
[2026-10-03 12:30:36] [INFO] Epoch 3: mean total loss=0.03760811407119036 | mean actor loss=0.025046694402893383 | mean critic loss=0.12561418985327086 | mean entropy loss=-3.252795855204264
[2026-10-03 12:30:36] [INFO] Epoch 4: mean total loss=0.029872356681153178 | mean actor loss=0.017706204671412706 | mean critic loss=0.12166151776909828 | mean entropy loss=-3.2778096199035645
[2026-10-03 12:30:38] [INFO] Epoch 1: mean total loss=-0.057345613837242126 | mean actor loss=-0.061184629797935486 | mean critic loss=0.038390166126191616 | mean entropy loss=-3.152274966239929
[2026-10-03 12:30:38] [INFO] Epoch 2: mean total loss=-0.00585232675075531 | mean actor loss=-0.009640946984291077 | mean critic loss=0.03788619628176093 | mean entropy loss=-3.154489278793335
[2026-10-03 12:30:38] [INFO] Epoch 3: mean total loss=-0.009415455162525177 | mean actor loss=-0.013018449147542318 | mean critic loss=0.03602992960562309 | mean entropy loss=-3.1487843990325928
[2026-10-03 12:30:38] [INFO] Epoch 4: mean total loss=-0.019371621310710907 | mean actor loss=-0.022844793274998665 | mean critic loss=0.03473172150552273 | mean entropy loss=-3.1504796743392944
[2026-10-03 12:30:40] [INFO] Epoch 1: mean total loss=-0.010233074426651001 | mean actor loss=-0.016873612999916077 | mean critic loss=0.06640540063381195 | mean entropy loss=-3.3521512746810913
[2026-10-03 12:30:40] [INFO] Epoch 2: mean total loss=-0.012600056827068329 | mean actor loss=-0.01883339136838913 | mean critic loss=0.062333330512046814 | mean entropy loss=-3.3518325090408325
[2026-10-03 12:30:40] [INFO] Epoch 3: mean total loss=-0.015350788831710815 | mean actor loss=-0.02150561970969041 | mean critic loss=0.06154829325775305 | mean entropy loss=-3.351787050565084
[2026-10-03 12:30:41] [INFO] Epoch 4: mean total loss=-0.011332972906529903 | mean actor loss=-0.017329399939626455 | mean critic loss=0.059964260552078485 | mean entropy loss=-3.3666264712810516
[2026-10-03 12:30:42] [INFO] Epoch 1: mean total loss=-0.014626894146203995 | mean actor loss=-0.026921790093183517 | mean critic loss=0.12294893339276314 | mean entropy loss=-3.1138356924057007
[2026-10-03 12:30:42] [INFO] Epoch 2: mean total loss=-0.001586059108376503 | mean actor loss=-0.015066927298903465 | mean critic loss=0.1348086940124631 | mean entropy loss=-3.139195680618286
[2026-10-03 12:30:43] [INFO] Epoch 3: mean total loss=-0.015447806566953659 | mean actor loss=-0.028540557871262234 | mean critic loss=0.13092751738925776 | mean entropy loss=-3.1600379943847656
[2026-10-03 12:30:43] [INFO] Epoch 4: mean total loss=-0.015747313271276653 | mean actor loss=-0.027902246336452663 | mean critic loss=0.12154933577403426 | mean entropy loss=-3.1536364555358887
[2026-10-03 12:30:44] [INFO] Epoch 1: mean total loss=-0.033121950924396515 | mean actor loss=-0.041741132736206055 | mean critic loss=0.08619178459048271 | mean entropy loss=-2.653815507888794
[2026-10-03 12:30:45] [INFO] Epoch 2: mean total loss=-0.041619084775447845 | mean actor loss=-0.04988796263933182 | mean critic loss=0.08268875256180763 | mean entropy loss=-2.6503498554229736
[2026-10-03 12:30:45] [INFO] Epoch 3: mean total loss=-0.0282962117344141 | mean actor loss=-0.03636814203734199 | mean critic loss=0.08071928347150485 | mean entropy loss=-2.657973567644755
[2026-10-03 12:30:45] [INFO] Epoch 4: mean total loss=-0.024365638848394156 | mean actor loss=-0.03199369122739881 | mean critic loss=0.07628050446510315 | mean entropy loss=-2.651536524295807
[2026-10-03 12:30:47] [INFO] Epoch 1: mean total loss=-0.1375319641083479 | mean actor loss=-0.1484932154417038 | mean critic loss=0.10961252078413963 | mean entropy loss=-3.027408242225647
[2026-10-03 12:30:47] [INFO] Epoch 2: mean total loss=-0.0637687360867858 | mean actor loss=-0.07451272010803223 | mean critic loss=0.10743984393775463 | mean entropy loss=-3.0223686695098877
[2026-10-03 12:30:47] [INFO] Epoch 3: mean total loss=-0.04333756056924661 | mean actor loss=-0.053575379153092705 | mean critic loss=0.10237819577256839 | mean entropy loss=-3.0198963483174643
[2026-10-03 12:30:48] [INFO] Epoch 4: mean total loss=-0.03236408671364188 | mean actor loss=-0.041949426755309105 | mean critic loss=0.09585343580693007 | mean entropy loss=-3.0196712017059326
[2026-10-03 12:30:49] [INFO] Epoch 1: mean total loss=-0.10666279122233391 | mean actor loss=-0.11186816170811653 | mean critic loss=0.05205374211072922 | mean entropy loss=-3.236792802810669
[2026-10-03 12:30:49] [INFO] Epoch 2: mean total loss=-0.04941398277878761 | mean actor loss=-0.05405660904943943 | mean critic loss=0.04642627853900194 | mean entropy loss=-3.2637810111045837
[2026-10-03 12:30:50] [INFO] Epoch 3: mean total loss=-0.046408568819363914 | mean actor loss=-0.05066525066892306 | mean critic loss=0.042566816012064614 | mean entropy loss=-3.2867565155029297
[2026-10-03 12:30:50] [INFO] Epoch 4: mean total loss=-0.036421796306967735 | mean actor loss=-0.04055486712604761 | mean critic loss=0.0413306993432343 | mean entropy loss=-3.284845143556595
[2026-10-03 12:30:51] [INFO] Epoch 1: mean total loss=-0.1137218177318573 | mean actor loss=-0.11858629435300827 | mean critic loss=0.04864475317299366 | mean entropy loss=-2.96353280544281
[2026-10-03 12:30:51] [INFO] Epoch 2: mean total loss=-0.09214680641889572 | mean actor loss=-0.09668241254985332 | mean critic loss=0.045356061309576035 | mean entropy loss=-3.0100778937339783
[2026-10-03 12:30:52] [INFO] Epoch 3: mean total loss=-0.06078175206979116 | mean actor loss=-0.06487852707505226 | mean critic loss=0.04096771295492848 | mean entropy loss=-3.0971959431966147
[2026-10-03 12:30:52] [INFO] Epoch 4: mean total loss=-0.047545354813337326 | mean actor loss=-0.05116903502494097 | mean critic loss=0.03623677452560514 | mean entropy loss=-3.1373417675495148
[2026-10-03 12:30:53] [INFO] Epoch 1: mean total loss=-0.0020997747778892517 | mean actor loss=-0.019270733930170536 | mean critic loss=0.1717095896601677 | mean entropy loss=-3.3104817867279053
[2026-10-03 12:30:54] [INFO] Epoch 2: mean total loss=-0.004448810592293739 | mean actor loss=-0.02117426134645939 | mean critic loss=0.1672545038163662 | mean entropy loss=-3.3108631372451782
[2026-10-03 12:30:54] [INFO] Epoch 3: mean total loss=-0.045411491145690284 | mean actor loss=-0.06035557761788368 | mean critic loss=0.1494408743456006 | mean entropy loss=-3.3040804465611777
[2026-10-03 12:30:54] [INFO] Epoch 4: mean total loss=-0.030591611750423908 | mean actor loss=-0.04490306135267019 | mean critic loss=0.14311450882814825 | mean entropy loss=-3.3387867510318756
[2026-10-03 12:30:56] [INFO] Epoch 1: mean total loss=-0.0460580438375473 | mean actor loss=-0.05163642019033432 | mean critic loss=0.055783677846193314 | mean entropy loss=-3.3734127283096313
[2026-10-03 12:30:56] [INFO] Epoch 2: mean total loss=-0.05042341351509094 | mean actor loss=-0.055897150188684464 | mean critic loss=0.05473735649138689 | mean entropy loss=-3.3700276613235474
[2026-10-03 12:30:56] [INFO] Epoch 3: mean total loss=-0.07271937405069669 | mean actor loss=-0.07797786965966225 | mean critic loss=0.052584970369935036 | mean entropy loss=-3.3494033813476562
[2026-10-03 12:30:57] [INFO] Epoch 4: mean total loss=-0.05525324959307909 | mean actor loss=-0.060254680924117565 | mean critic loss=0.05001432588323951 | mean entropy loss=-3.3516388833522797
[2026-10-03 12:30:58] [INFO] Epoch 1: mean total loss=0.025492727756500244 | mean actor loss=0.022150283679366112 | mean critic loss=0.033424449153244495 | mean entropy loss=-3.2486772537231445
[2026-10-03 12:30:58] [INFO] Epoch 2: mean total loss=-0.01860885601490736 | mean actor loss=-0.022327974438667297 | mean critic loss=0.0371912051923573 | mean entropy loss=-3.2332587838172913
[2026-10-03 12:30:59] [INFO] Epoch 3: mean total loss=-0.01941163030763467 | mean actor loss=-0.02261476715405782 | mean critic loss=0.032031384917596974 | mean entropy loss=-3.2348593870798745
[2026-10-03 12:30:59] [INFO] Epoch 4: mean total loss=-0.023029835429042578 | mean actor loss=-0.02593112364411354 | mean critic loss=0.0290128942579031 | mean entropy loss=-3.2433286905288696
[2026-10-03 12:31:00] [INFO] Epoch 1: mean total loss=-0.0011223861947655678 | mean actor loss=-0.0062027061358094215 | mean critic loss=0.05080319382250309 | mean entropy loss=-3.290357828140259
[2026-10-03 12:31:01] [INFO] Epoch 2: mean total loss=-0.010658652056008577 | mean actor loss=-0.01547126891091466 | mean critic loss=0.04812617972493172 | mean entropy loss=-3.2980087995529175
[2026-10-03 12:31:01] [INFO] Epoch 3: mean total loss=-0.018941601427892845 | mean actor loss=-0.023434110296269257 | mean critic loss=0.04492511445035537 | mean entropy loss=-3.3012305895487466
[2026-10-03 12:31:01] [INFO] Epoch 4: mean total loss=-0.0194690435891971 | mean actor loss=-0.023536757798865438 | mean critic loss=0.040677161887288094 | mean entropy loss=-3.3106756806373596
[2026-10-03 12:31:02] [INFO] Epoch 1: mean total loss=0.026785746216773987 | mean actor loss=0.023624785244464874 | mean critic loss=0.03160959109663963 | mean entropy loss=-3.1795817613601685
[2026-10-03 12:31:02] [INFO] Epoch 2: mean total loss=0.013816513121128082 | mean actor loss=0.01095576398074627 | mean critic loss=0.02860747347585857 | mean entropy loss=-3.162928581237793
[2026-10-03 12:31:03] [INFO] Epoch 3: mean total loss=-0.004106645782788594 | mean actor loss=-0.006809256970882416 | mean critic loss=0.027026109552631777 | mean entropy loss=-3.160676916440328
[2026-10-03 12:31:03] [INFO] Epoch 4: mean total loss=0.008154843002557755 | mean actor loss=0.005655637010931969 | mean critic loss=0.024992073187604547 | mean entropy loss=-3.1691735088825226
[2026-10-03 12:31:04] [INFO] Epoch 1: mean total loss=0.017474859952926636 | mean actor loss=0.012486524879932404 | mean critic loss=0.049883363768458366 | mean entropy loss=-3.173248052597046
[2026-10-03 12:31:05] [INFO] Epoch 2: mean total loss=0.004314294084906578 | mean actor loss=-0.0005355793982744217 | mean critic loss=0.04849873762577772 | mean entropy loss=-3.1788150668144226
[2026-10-03 12:31:05] [INFO] Epoch 3: mean total loss=0.027612073967854183 | mean actor loss=0.023048146317402523 | mean critic loss=0.04563927495231231 | mean entropy loss=-3.1612950960795083
[2026-10-03 12:31:05] [INFO] Epoch 4: mean total loss=0.0010213833302259445 | mean actor loss=-0.0033656200394034386 | mean critic loss=0.04387003998272121 | mean entropy loss=-3.1281763911247253
[2026-10-03 12:31:07] [INFO] Epoch 1: mean total loss=-0.013507656753063202 | mean actor loss=-0.02022682875394821 | mean critic loss=0.06719178520143032 | mean entropy loss=-3.6343029737472534
[2026-10-03 12:31:07] [INFO] Epoch 2: mean total loss=-0.002948474371805787 | mean actor loss=-0.010490764398127794 | mean critic loss=0.07542293472215533 | mean entropy loss=-3.618286371231079
[2026-10-03 12:31:07] [INFO] Epoch 3: mean total loss=-0.007008808509757121 | mean actor loss=-0.0142089802150925 | mean critic loss=0.07200178286681573 | mean entropy loss=-3.629078467686971
[2026-10-03 12:31:08] [INFO] Epoch 4: mean total loss=-0.00510541454423219 | mean actor loss=-0.012319308007135987 | mean critic loss=0.07213898259215057 | mean entropy loss=-3.6209336519241333
[2026-10-03 12:31:09] [INFO] Epoch 1: mean total loss=0.018266805447638035 | mean actor loss=0.00013777869753539562 | mean critic loss=0.18129026889801025 | mean entropy loss=-3.6409668922424316
[2026-10-03 12:31:09] [INFO] Epoch 2: mean total loss=0.012514906004071236 | mean actor loss=-0.0067678994964808226 | mean critic loss=0.19282805547118187 | mean entropy loss=-3.6210504174232483
[2026-10-03 12:31:09] [INFO] Epoch 3: mean total loss=-0.027707868566115696 | mean actor loss=-0.046808887738734484 | mean critic loss=0.19101018582781157 | mean entropy loss=-3.591907580693563
[2026-10-03 12:31:10] [INFO] Epoch 4: mean total loss=-0.0075644878670573235 | mean actor loss=-0.025491035892628133 | mean critic loss=0.17926545720547438 | mean entropy loss=-3.5853621661663055
[2026-10-03 12:31:10] [INFO] Epoch 1: mean total loss=0.18815279752016068 | mean actor loss=0.18290120363235474 | mean critic loss=0.05251586250960827 | mean entropy loss=-2.6986858248710632
[2026-10-03 12:31:11] [INFO] Epoch 2: mean total loss=0.05224144086241722 | mean actor loss=0.04624762386083603 | mean critic loss=0.05993813602253795 | mean entropy loss=-2.886492043733597
[2026-10-03 12:31:11] [INFO] Epoch 3: mean total loss=0.043182638784249626 | mean actor loss=0.037635982036590576 | mean critic loss=0.055466524635752044 | mean entropy loss=-2.9102288683255515
[2026-10-03 12:31:11] [INFO] Epoch 4: mean total loss=0.02311211545020342 | mean actor loss=0.01776395458728075 | mean critic loss=0.05348157789558172 | mean entropy loss=-2.892254486680031
[2026-10-03 12:31:13] [INFO] Epoch 1: mean total loss=0.1272624284029007 | mean actor loss=0.12092854082584381 | mean critic loss=0.06333896145224571 | mean entropy loss=-3.549064517021179
[2026-10-03 12:31:13] [INFO] Epoch 2: mean total loss=0.07518435269594193 | mean actor loss=0.06934279203414917 | mean critic loss=0.05841568112373352 | mean entropy loss=-3.508620858192444
[2026-10-03 12:31:13] [INFO] Epoch 3: mean total loss=0.050502667824427284 | mean actor loss=0.04482543965180715 | mean critic loss=0.05677234257260958 | mean entropy loss=-3.498464345932007
[2026-10-03 12:31:13] [INFO] Epoch 4: mean total loss=0.04769458994269371 | mean actor loss=0.04225524887442589 | mean critic loss=0.0543934591114521 | mean entropy loss=-3.4924882352352142
[2026-10-03 12:31:15] [INFO] Epoch 1: mean total loss=0.03110024333000183 | mean actor loss=0.010050475597381592 | mean critic loss=0.210497684776783 | mean entropy loss=-2.9279582500457764
[2026-10-03 12:31:15] [INFO] Epoch 2: mean total loss=0.17033244669437408 | mean actor loss=0.13955671340227127 | mean critic loss=0.30775731056928635 | mean entropy loss=-2.8743115663528442
[2026-10-03 12:31:15] [INFO] Epoch 3: mean total loss=0.10844362589220206 | mean actor loss=0.0839458090874056 | mean critic loss=0.24497814817974964 | mean entropy loss=-2.8344635566075644
[2026-10-03 12:31:16] [INFO] Epoch 4: mean total loss=0.14859803998842835 | mean actor loss=0.1218321124324575 | mean critic loss=0.26765924762003124 | mean entropy loss=-2.8295417726039886
[2026-10-03 12:31:17] [INFO] Epoch 1: mean total loss=-0.13259554654359818 | mean actor loss=-0.14000900089740753 | mean critic loss=0.07413457054644823 | mean entropy loss=-3.0881314277648926
[2026-10-03 12:31:17] [INFO] Epoch 2: mean total loss=-0.05449720844626427 | mean actor loss=-0.06099731381982565 | mean critic loss=0.065001065377146 | mean entropy loss=-3.1411237120628357
[2026-10-03 12:31:18] [INFO] Epoch 3: mean total loss=-0.16813907275597254 | mean actor loss=-0.17445660568773746 | mean critic loss=0.0631752476717035 | mean entropy loss=-3.094969153404236
[2026-10-03 12:31:18] [INFO] Epoch 4: mean total loss=-0.1351024229079485 | mean actor loss=-0.14093514578416944 | mean critic loss=0.05832716473378241 | mean entropy loss=-3.106355667114258
[2026-10-03 12:31:20] [INFO] Epoch 1: mean total loss=0.18182660266757011 | mean actor loss=0.1732500195503235 | mean critic loss=0.08576579950749874 | mean entropy loss=-3.218330502510071
[2026-10-03 12:31:20] [INFO] Epoch 2: mean total loss=0.15118339098989964 | mean actor loss=0.14317508786916733 | mean critic loss=0.08008298790082335 | mean entropy loss=-3.2217233777046204
[2026-10-03 12:31:20] [INFO] Epoch 3: mean total loss=0.10625655949115753 | mean actor loss=0.09890435325602691 | mean critic loss=0.07352203348030646 | mean entropy loss=-3.2093719244003296
[2026-10-03 12:31:20] [INFO] Epoch 4: mean total loss=0.07407984975725412 | mean actor loss=0.06668500322848558 | mean critic loss=0.07394844596274197 | mean entropy loss=-3.1967741549015045
[2026-10-03 12:31:23] [INFO] Training complete. Saving final model...
[2026-10-03 12:31:26] [INFO] Final model saved to ./checkpoints/ppo\20261003_122329
